STATE,REGION,OFFENCE CATEGORY,OFFENCE SUBCATEGORY,NUMBER
ABIA,SOUTH EAST,OFFENCES AGAINST PROPERTY,ARMED ROBBERY,88
ABIA,SOUTH EAST,OFFENCES AGAINST PROPERTY,WOUNDING WITH MENACE,0
ABIA,SOUTH EAST,OFFENCES AGAINST PROPERTY,THEFT /STEALING,570
ABIA,SOUTH EAST,OFFENCES AGAINST PROPERTY,BURGLARY,23
ABIA,SOUTH EAST,OFFENCES AGAINST PROPERTY,HOUSE BREAKING,576
ABIA,SOUTH EAST,OFFENCES AGAINST PROPERTY,STORE BREAKING,23
ABIA,SOUTH EAST,OFFENCES AGAINST PROPERTY,FALSE PRETENCE & CHEATING/ FRAUD,544
ABIA,SOUTH EAST,OFFENCES AGAINST PROPERTY,FORGERY,4
ABIA,SOUTH EAST,OFFENCES AGAINST PROPERTY,RECEIVING STOLEN PROPERTY,9
ABIA,SOUTH EAST,OFFENCES AGAINST PROPERTY,UNLAWFUL POSSESS,49
ABIA,SOUTH EAST,OFFENCES AGAINST PROPERTY,ARSON,345
ABIA,SOUTH EAST,OFFENCES AGAINST PROPERTY,OTHER OFFENCE AGAINST PROPERTY,89
ABIA,SOUTH EAST,OFFENCES AGAINST PERSONS,MURDER,97
ABIA,SOUTH EAST,OFFENCES AGAINST PERSONS,MAN SLAUGHTER,6
ABIA,SOUTH EAST,OFFENCES AGAINST PERSONS,ATTEMPTED MURDER,69
ABIA,SOUTH EAST,OFFENCES AGAINST PERSONS,SUICIDE,6
ABIA,SOUTH EAST,OFFENCES AGAINST PERSONS,ATTEMPTED SUICIDE,0
ABIA,SOUTH EAST,OFFENCES AGAINST PERSONS,GRIEVIOUS HARM WOUNDING,124
ABIA,SOUTH EAST,OFFENCES AGAINST PERSONS,ASSAULT,8945
ABIA,SOUTH EAST,OFFENCES AGAINST PERSONS,CHILD STEALING,68
ABIA,SOUTH EAST,OFFENCES AGAINST PERSONS,SLAVE DEALING,0
ABIA,SOUTH EAST,OFFENCES AGAINST PERSONS,RAPE & INDICENT ASSAULT,98
ABIA,SOUTH EAST,OFFENCES AGAINST PERSONS,KIDNAPPING,104
ABIA,SOUTH EAST,OFFENCES AGAINST PERSONS,UNNATURAL OFFENCE,182
ABIA,SOUTH EAST,OFFENCES AGAINST PERSONS,OTHER OFFENCE AGAINST PERSONS,117
ABIA,SOUTH EAST,OFFENCES AGAINST LAWFUL AUTH,FORGERY OF CURRENCY,4
ABIA,SOUTH EAST,OFFENCES AGAINST LAWFUL AUTH,COINING OFFENCE,0
ABIA,SOUTH EAST,OFFENCES AGAINST LAWFUL AUTH,GAMBLING,4
ABIA,SOUTH EAST,OFFENCES AGAINST LAWFUL AUTH,BREACH OF PEACE,243
ABIA,SOUTH EAST,OFFENCES AGAINST LAWFUL AUTH,PERJURY,4
ABIA,SOUTH EAST,OFFENCES AGAINST LAWFUL AUTH,BRIBERY & CORRUPTION,0
ABIA,SOUTH EAST,OFFENCES AGAINST LAWFUL AUTH,ESCAPE FROM CUSTODY,6
ABIA,SOUTH EAST,OFFENCES AGAINST LAWFUL AUTH,OTHER OFFENCE AGAINST LAWFUL AUTH,11
ADAMAWA,NORTH EAST,OFFENCES AGAINST PROPERTY,ARMED ROBBERY,45
ADAMAWA,NORTH EAST,OFFENCES AGAINST PROPERTY,WOUNDING WITH MENACE,0
ADAMAWA,NORTH EAST,OFFENCES AGAINST PROPERTY,THEFT /STEALING,825
ADAMAWA,NORTH EAST,OFFENCES AGAINST PROPERTY,BURGLARY,0
ADAMAWA,NORTH EAST,OFFENCES AGAINST PROPERTY,HOUSE BREAKING,62
ADAMAWA,NORTH EAST,OFFENCES AGAINST PROPERTY,STORE BREAKING,24
ADAMAWA,NORTH EAST,OFFENCES AGAINST PROPERTY,FALSE PRETENCE & CHEATING/ FRAUD,106
ADAMAWA,NORTH EAST,OFFENCES AGAINST PROPERTY,FORGERY,5
ADAMAWA,NORTH EAST,OFFENCES AGAINST PROPERTY,RECEIVING STOLEN PROPERTY,65
ADAMAWA,NORTH EAST,OFFENCES AGAINST PROPERTY,UNLAWFUL POSSESS,28
ADAMAWA,NORTH EAST,OFFENCES AGAINST PROPERTY,ARSON,0
ADAMAWA,NORTH EAST,OFFENCES AGAINST PROPERTY,OTHER OFFENCE AGAINST PROPERTY,246
ADAMAWA,NORTH EAST,OFFENCES AGAINST PERSONS,MURDER,114
ADAMAWA,NORTH EAST,OFFENCES AGAINST PERSONS,MAN SLAUGHTER,0
ADAMAWA,NORTH EAST,OFFENCES AGAINST PERSONS,ATTEMPTED MURDER,89
ADAMAWA,NORTH EAST,OFFENCES AGAINST PERSONS,SUICIDE,4
ADAMAWA,NORTH EAST,OFFENCES AGAINST PERSONS,ATTEMPTED SUICIDE,0
ADAMAWA,NORTH EAST,OFFENCES AGAINST PERSONS,GRIEVIOUS HARM WOUNDING,126
ADAMAWA,NORTH EAST,OFFENCES AGAINST PERSONS,ASSAULT,68
ADAMAWA,NORTH EAST,OFFENCES AGAINST PERSONS,CHILD STEALING,0
ADAMAWA,NORTH EAST,OFFENCES AGAINST PERSONS,SLAVE DEALING,0
ADAMAWA,NORTH EAST,OFFENCES AGAINST PERSONS,RAPE & INDICENT ASSAULT,24
ADAMAWA,NORTH EAST,OFFENCES AGAINST PERSONS,KIDNAPPING,9
ADAMAWA,NORTH EAST,OFFENCES AGAINST PERSONS,UNNATURAL OFFENCE,5
ADAMAWA,NORTH EAST,OFFENCES AGAINST PERSONS,OTHER OFFENCE AGAINST PERSONS,372
ADAMAWA,NORTH EAST,OFFENCES AGAINST LAWFUL AUTH,FORGERY OF CURRENCY,0
ADAMAWA,NORTH EAST,OFFENCES AGAINST LAWFUL AUTH,COINING OFFENCE,0
ADAMAWA,NORTH EAST,OFFENCES AGAINST LAWFUL AUTH,GAMBLING,0
ADAMAWA,NORTH EAST,OFFENCES AGAINST LAWFUL AUTH,BREACH OF PEACE,37
ADAMAWA,NORTH EAST,OFFENCES AGAINST LAWFUL AUTH,PERJURY,0
ADAMAWA,NORTH EAST,OFFENCES AGAINST LAWFUL AUTH,BRIBERY & CORRUPTION,0
ADAMAWA,NORTH EAST,OFFENCES AGAINST LAWFUL AUTH,ESCAPE FROM CUSTODY,6
ADAMAWA,NORTH EAST,OFFENCES AGAINST LAWFUL AUTH,OTHER OFFENCE AGAINST LAWFUL AUTH,9
AKWA IBOM,SOUTH SOUTH,OFFENCES AGAINST PROPERTY,ARMED ROBBERY,47
AKWA IBOM,SOUTH SOUTH,OFFENCES AGAINST PROPERTY,WOUNDING WITH MENACE,6
AKWA IBOM,SOUTH SOUTH,OFFENCES AGAINST PROPERTY,THEFT /STEALING,310
AKWA IBOM,SOUTH SOUTH,OFFENCES AGAINST PROPERTY,BURGLARY,14
AKWA IBOM,SOUTH SOUTH,OFFENCES AGAINST PROPERTY,HOUSE BREAKING,13
AKWA IBOM,SOUTH SOUTH,OFFENCES AGAINST PROPERTY,STORE BREAKING,0
AKWA IBOM,SOUTH SOUTH,OFFENCES AGAINST PROPERTY,FALSE PRETENCE & CHEATING/ FRAUD,168
AKWA IBOM,SOUTH SOUTH,OFFENCES AGAINST PROPERTY,FORGERY,11
AKWA IBOM,SOUTH SOUTH,OFFENCES AGAINST PROPERTY,RECEIVING STOLEN PROPERTY,8
AKWA IBOM,SOUTH SOUTH,OFFENCES AGAINST PROPERTY,UNLAWFUL POSSESS,7
AKWA IBOM,SOUTH SOUTH,OFFENCES AGAINST PROPERTY,ARSON,4
AKWA IBOM,SOUTH SOUTH,OFFENCES AGAINST PROPERTY,OTHER OFFENCE AGAINST PROPERTY,5
AKWA IBOM,SOUTH SOUTH,OFFENCES AGAINST PERSONS,MURDER,81
AKWA IBOM,SOUTH SOUTH,OFFENCES AGAINST PERSONS,MAN SLAUGHTER,5
AKWA IBOM,SOUTH SOUTH,OFFENCES AGAINST PERSONS,ATTEMPTED MURDER,78
AKWA IBOM,SOUTH SOUTH,OFFENCES AGAINST PERSONS,SUICIDE,0
AKWA IBOM,SOUTH SOUTH,OFFENCES AGAINST PERSONS,ATTEMPTED SUICIDE,0
AKWA IBOM,SOUTH SOUTH,OFFENCES AGAINST PERSONS,GRIEVIOUS HARM WOUNDING,41
AKWA IBOM,SOUTH SOUTH,OFFENCES AGAINST PERSONS,ASSAULT,341
AKWA IBOM,SOUTH SOUTH,OFFENCES AGAINST PERSONS,CHILD STEALING,52
AKWA IBOM,SOUTH SOUTH,OFFENCES AGAINST PERSONS,SLAVE DEALING,6
AKWA IBOM,SOUTH SOUTH,OFFENCES AGAINST PERSONS,RAPE & INDICENT ASSAULT,83
AKWA IBOM,SOUTH SOUTH,OFFENCES AGAINST PERSONS,KIDNAPPING,11
AKWA IBOM,SOUTH SOUTH,OFFENCES AGAINST PERSONS,UNNATURAL OFFENCE,4
AKWA IBOM,SOUTH SOUTH,OFFENCES AGAINST PERSONS,OTHER OFFENCE AGAINST PERSONS,0
AKWA IBOM,SOUTH SOUTH,OFFENCES AGAINST LAWFUL AUTH,FORGERY OF CURRENCY,3
AKWA IBOM,SOUTH SOUTH,OFFENCES AGAINST LAWFUL AUTH,COINING OFFENCE,0
AKWA IBOM,SOUTH SOUTH,OFFENCES AGAINST LAWFUL AUTH,GAMBLING,4
AKWA IBOM,SOUTH SOUTH,OFFENCES AGAINST LAWFUL AUTH,BREACH OF PEACE,366
AKWA IBOM,SOUTH SOUTH,OFFENCES AGAINST LAWFUL AUTH,PERJURY,2
AKWA IBOM,SOUTH SOUTH,OFFENCES AGAINST LAWFUL AUTH,BRIBERY & CORRUPTION,0
AKWA IBOM,SOUTH SOUTH,OFFENCES AGAINST LAWFUL AUTH,ESCAPE FROM CUSTODY,3
AKWA IBOM,SOUTH SOUTH,OFFENCES AGAINST LAWFUL AUTH,OTHER OFFENCE AGAINST LAWFUL AUTH,0
ANAMBRA,SOUTH EAST,OFFENCES AGAINST PROPERTY,ARMED ROBBERY,6
ANAMBRA,SOUTH EAST,OFFENCES AGAINST PROPERTY,WOUNDING WITH MENACE,0
ANAMBRA,SOUTH EAST,OFFENCES AGAINST PROPERTY,THEFT /STEALING,484
ANAMBRA,SOUTH EAST,OFFENCES AGAINST PROPERTY,BURGLARY,22
ANAMBRA,SOUTH EAST,OFFENCES AGAINST PROPERTY,HOUSE BREAKING,76
ANAMBRA,SOUTH EAST,OFFENCES AGAINST PROPERTY,STORE BREAKING,7
ANAMBRA,SOUTH EAST,OFFENCES AGAINST PROPERTY,FALSE PRETENCE & CHEATING/ FRAUD,0
ANAMBRA,SOUTH EAST,OFFENCES AGAINST PROPERTY,FORGERY,20
ANAMBRA,SOUTH EAST,OFFENCES AGAINST PROPERTY,RECEIVING STOLEN PROPERTY,19
ANAMBRA,SOUTH EAST,OFFENCES AGAINST PROPERTY,UNLAWFUL POSSESS,43
ANAMBRA,SOUTH EAST,OFFENCES AGAINST PROPERTY,ARSON,12
ANAMBRA,SOUTH EAST,OFFENCES AGAINST PROPERTY,OTHER OFFENCE AGAINST PROPERTY,341
ANAMBRA,SOUTH EAST,OFFENCES AGAINST PERSONS,MURDER,41
ANAMBRA,SOUTH EAST,OFFENCES AGAINST PERSONS,MAN SLAUGHTER,0
ANAMBRA,SOUTH EAST,OFFENCES AGAINST PERSONS,ATTEMPTED MURDER,0
ANAMBRA,SOUTH EAST,OFFENCES AGAINST PERSONS,SUICIDE,2
ANAMBRA,SOUTH EAST,OFFENCES AGAINST PERSONS,ATTEMPTED SUICIDE,0
ANAMBRA,SOUTH EAST,OFFENCES AGAINST PERSONS,GRIEVIOUS HARM WOUNDING,84
ANAMBRA,SOUTH EAST,OFFENCES AGAINST PERSONS,ASSAULT,0
ANAMBRA,SOUTH EAST,OFFENCES AGAINST PERSONS,CHILD STEALING,0
ANAMBRA,SOUTH EAST,OFFENCES AGAINST PERSONS,SLAVE DEALING,0
ANAMBRA,SOUTH EAST,OFFENCES AGAINST PERSONS,RAPE & INDICENT ASSAULT,0
ANAMBRA,SOUTH EAST,OFFENCES AGAINST PERSONS,KIDNAPPING,0
ANAMBRA,SOUTH EAST,OFFENCES AGAINST PERSONS,UNNATURAL OFFENCE,0
ANAMBRA,SOUTH EAST,OFFENCES AGAINST PERSONS,OTHER OFFENCE AGAINST PERSONS,0
ANAMBRA,SOUTH EAST,OFFENCES AGAINST LAWFUL AUTH,FORGERY OF CURRENCY,1
ANAMBRA,SOUTH EAST,OFFENCES AGAINST LAWFUL AUTH,COINING OFFENCE,2
ANAMBRA,SOUTH EAST,OFFENCES AGAINST LAWFUL AUTH,GAMBLING,0
ANAMBRA,SOUTH EAST,OFFENCES AGAINST LAWFUL AUTH,BREACH OF PEACE,537
ANAMBRA,SOUTH EAST,OFFENCES AGAINST LAWFUL AUTH,PERJURY,0
ANAMBRA,SOUTH EAST,OFFENCES AGAINST LAWFUL AUTH,BRIBERY & CORRUPTION,0
ANAMBRA,SOUTH EAST,OFFENCES AGAINST LAWFUL AUTH,ESCAPE FROM CUSTODY,9
ANAMBRA,SOUTH EAST,OFFENCES AGAINST LAWFUL AUTH,OTHER OFFENCE AGAINST LAWFUL AUTH,182
BAUCHI,NORTH EAST,OFFENCES AGAINST PROPERTY,ARMED ROBBERY,57
BAUCHI,NORTH EAST,OFFENCES AGAINST PROPERTY,WOUNDING WITH MENACE,0
BAUCHI,NORTH EAST,OFFENCES AGAINST PROPERTY,THEFT /STEALING,33
BAUCHI,NORTH EAST,OFFENCES AGAINST PROPERTY,BURGLARY,0
BAUCHI,NORTH EAST,OFFENCES AGAINST PROPERTY,HOUSE BREAKING,0
BAUCHI,NORTH EAST,OFFENCES AGAINST PROPERTY,STORE BREAKING,0
BAUCHI,NORTH EAST,OFFENCES AGAINST PROPERTY,FALSE PRETENCE & CHEATING/ FRAUD,43
BAUCHI,NORTH EAST,OFFENCES AGAINST PROPERTY,FORGERY,10
BAUCHI,NORTH EAST,OFFENCES AGAINST PROPERTY,RECEIVING STOLEN PROPERTY,4
BAUCHI,NORTH EAST,OFFENCES AGAINST PROPERTY,UNLAWFUL POSSESS,5
BAUCHI,NORTH EAST,OFFENCES AGAINST PROPERTY,ARSON,9
BAUCHI,NORTH EAST,OFFENCES AGAINST PROPERTY,OTHER OFFENCE AGAINST PROPERTY,25
BAUCHI,NORTH EAST,OFFENCES AGAINST PERSONS,MURDER,58
BAUCHI,NORTH EAST,OFFENCES AGAINST PERSONS,MAN SLAUGHTER,0
BAUCHI,NORTH EAST,OFFENCES AGAINST PERSONS,ATTEMPTED MURDER,1
BAUCHI,NORTH EAST,OFFENCES AGAINST PERSONS,SUICIDE,0
BAUCHI,NORTH EAST,OFFENCES AGAINST PERSONS,ATTEMPTED SUICIDE,0
BAUCHI,NORTH EAST,OFFENCES AGAINST PERSONS,GRIEVIOUS HARM WOUNDING,13
BAUCHI,NORTH EAST,OFFENCES AGAINST PERSONS,ASSAULT,3
BAUCHI,NORTH EAST,OFFENCES AGAINST PERSONS,CHILD STEALING,0
BAUCHI,NORTH EAST,OFFENCES AGAINST PERSONS,SLAVE DEALING,0
BAUCHI,NORTH EAST,OFFENCES AGAINST PERSONS,RAPE & INDICENT ASSAULT,33
BAUCHI,NORTH EAST,OFFENCES AGAINST PERSONS,KIDNAPPING,44
BAUCHI,NORTH EAST,OFFENCES AGAINST PERSONS,UNNATURAL OFFENCE,3
BAUCHI,NORTH EAST,OFFENCES AGAINST PERSONS,OTHER OFFENCE AGAINST PERSONS,41
BAUCHI,NORTH EAST,OFFENCES AGAINST LAWFUL AUTH,FORGERY OF CURRENCY,4
BAUCHI,NORTH EAST,OFFENCES AGAINST LAWFUL AUTH,COINING OFFENCE,0
BAUCHI,NORTH EAST,OFFENCES AGAINST LAWFUL AUTH,GAMBLING,0
BAUCHI,NORTH EAST,OFFENCES AGAINST LAWFUL AUTH,BREACH OF PEACE,0
BAUCHI,NORTH EAST,OFFENCES AGAINST LAWFUL AUTH,PERJURY,0
BAUCHI,NORTH EAST,OFFENCES AGAINST LAWFUL AUTH,BRIBERY & CORRUPTION,0
BAUCHI,NORTH EAST,OFFENCES AGAINST LAWFUL AUTH,ESCAPE FROM CUSTODY,0
BAUCHI,NORTH EAST,OFFENCES AGAINST LAWFUL AUTH,OTHER OFFENCE AGAINST LAWFUL AUTH,0
BAYELSA,SOUTH SOUTH,OFFENCES AGAINST PROPERTY,ARMED ROBBERY,148
BAYELSA,SOUTH SOUTH,OFFENCES AGAINST PROPERTY,WOUNDING WITH MENACE,2
BAYELSA,SOUTH SOUTH,OFFENCES AGAINST PROPERTY,THEFT /STEALING,266
BAYELSA,SOUTH SOUTH,OFFENCES AGAINST PROPERTY,BURGLARY,31
BAYELSA,SOUTH SOUTH,OFFENCES AGAINST PROPERTY,HOUSE BREAKING,11
BAYELSA,SOUTH SOUTH,OFFENCES AGAINST PROPERTY,STORE BREAKING,13
BAYELSA,SOUTH SOUTH,OFFENCES AGAINST PROPERTY,FALSE PRETENCE & CHEATING/ FRAUD,137
BAYELSA,SOUTH SOUTH,OFFENCES AGAINST PROPERTY,FORGERY,12
BAYELSA,SOUTH SOUTH,OFFENCES AGAINST PROPERTY,RECEIVING STOLEN PROPERTY,4
BAYELSA,SOUTH SOUTH,OFFENCES AGAINST PROPERTY,UNLAWFUL POSSESS,41
BAYELSA,SOUTH SOUTH,OFFENCES AGAINST PROPERTY,ARSON,7
BAYELSA,SOUTH SOUTH,OFFENCES AGAINST PROPERTY,OTHER OFFENCE AGAINST PROPERTY,168
BAYELSA,SOUTH SOUTH,OFFENCES AGAINST PERSONS,MURDER,30
BAYELSA,SOUTH SOUTH,OFFENCES AGAINST PERSONS,MAN SLAUGHTER,0
BAYELSA,SOUTH SOUTH,OFFENCES AGAINST PERSONS,ATTEMPTED MURDER,19
BAYELSA,SOUTH SOUTH,OFFENCES AGAINST PERSONS,SUICIDE,15
BAYELSA,SOUTH SOUTH,OFFENCES AGAINST PERSONS,ATTEMPTED SUICIDE,1
BAYELSA,SOUTH SOUTH,OFFENCES AGAINST PERSONS,GRIEVIOUS HARM WOUNDING,31
BAYELSA,SOUTH SOUTH,OFFENCES AGAINST PERSONS,ASSAULT,187
BAYELSA,SOUTH SOUTH,OFFENCES AGAINST PERSONS,CHILD STEALING,4
BAYELSA,SOUTH SOUTH,OFFENCES AGAINST PERSONS,SLAVE DEALING,0
BAYELSA,SOUTH SOUTH,OFFENCES AGAINST PERSONS,RAPE & INDICENT ASSAULT,88
BAYELSA,SOUTH SOUTH,OFFENCES AGAINST PERSONS,KIDNAPPING,53
BAYELSA,SOUTH SOUTH,OFFENCES AGAINST PERSONS,UNNATURAL OFFENCE,2
BAYELSA,SOUTH SOUTH,OFFENCES AGAINST PERSONS,OTHER OFFENCE AGAINST PERSONS,182
BAYELSA,SOUTH SOUTH,OFFENCES AGAINST LAWFUL AUTH,FORGERY OF CURRENCY,1
BAYELSA,SOUTH SOUTH,OFFENCES AGAINST LAWFUL AUTH,COINING OFFENCE,0
BAYELSA,SOUTH SOUTH,OFFENCES AGAINST LAWFUL AUTH,GAMBLING,0
BAYELSA,SOUTH SOUTH,OFFENCES AGAINST LAWFUL AUTH,BREACH OF PEACE,87
BAYELSA,SOUTH SOUTH,OFFENCES AGAINST LAWFUL AUTH,PERJURY,1
BAYELSA,SOUTH SOUTH,OFFENCES AGAINST LAWFUL AUTH,BRIBERY & CORRUPTION,0
BAYELSA,SOUTH SOUTH,OFFENCES AGAINST LAWFUL AUTH,ESCAPE FROM CUSTODY,2
BAYELSA,SOUTH SOUTH,OFFENCES AGAINST LAWFUL AUTH,OTHER OFFENCE AGAINST LAWFUL AUTH,0
BENUE,NORTH CENTRAL,OFFENCES AGAINST PROPERTY,ARMED ROBBERY,59
BENUE,NORTH CENTRAL,OFFENCES AGAINST PROPERTY,WOUNDING WITH MENACE,5
BENUE,NORTH CENTRAL,OFFENCES AGAINST PROPERTY,THEFT /STEALING,811
BENUE,NORTH CENTRAL,OFFENCES AGAINST PROPERTY,BURGLARY,32
BENUE,NORTH CENTRAL,OFFENCES AGAINST PROPERTY,HOUSE BREAKING,34
BENUE,NORTH CENTRAL,OFFENCES AGAINST PROPERTY,STORE BREAKING,90
BENUE,NORTH CENTRAL,OFFENCES AGAINST PROPERTY,FALSE PRETENCE & CHEATING/ FRAUD,22
BENUE,NORTH CENTRAL,OFFENCES AGAINST PROPERTY,FORGERY,11
BENUE,NORTH CENTRAL,OFFENCES AGAINST PROPERTY,RECEIVING STOLEN PROPERTY,5
BENUE,NORTH CENTRAL,OFFENCES AGAINST PROPERTY,UNLAWFUL POSSESS,3
BENUE,NORTH CENTRAL,OFFENCES AGAINST PROPERTY,ARSON,8
BENUE,NORTH CENTRAL,OFFENCES AGAINST PROPERTY,OTHER OFFENCE AGAINST PROPERTY,420
BENUE,NORTH CENTRAL,OFFENCES AGAINST PERSONS,MURDER,51
BENUE,NORTH CENTRAL,OFFENCES AGAINST PERSONS,MAN SLAUGHTER,3
BENUE,NORTH CENTRAL,OFFENCES AGAINST PERSONS,ATTEMPTED MURDER,6
BENUE,NORTH CENTRAL,OFFENCES AGAINST PERSONS,SUICIDE,3
BENUE,NORTH CENTRAL,OFFENCES AGAINST PERSONS,ATTEMPTED SUICIDE,2
BENUE,NORTH CENTRAL,OFFENCES AGAINST PERSONS,GRIEVIOUS HARM WOUNDING,90
BENUE,NORTH CENTRAL,OFFENCES AGAINST PERSONS,ASSAULT,76
BENUE,NORTH CENTRAL,OFFENCES AGAINST PERSONS,CHILD STEALING,45
BENUE,NORTH CENTRAL,OFFENCES AGAINST PERSONS,SLAVE DEALING,0
BENUE,NORTH CENTRAL,OFFENCES AGAINST PERSONS,RAPE & INDICENT ASSAULT,23
BENUE,NORTH CENTRAL,OFFENCES AGAINST PERSONS,KIDNAPPING,67
BENUE,NORTH CENTRAL,OFFENCES AGAINST PERSONS,UNNATURAL OFFENCE,9
BENUE,NORTH CENTRAL,OFFENCES AGAINST PERSONS,OTHER OFFENCE AGAINST PERSONS,56
BENUE,NORTH CENTRAL,OFFENCES AGAINST LAWFUL AUTH,FORGERY OF CURRENCY,11
BENUE,NORTH CENTRAL,OFFENCES AGAINST LAWFUL AUTH,COINING OFFENCE,0
BENUE,NORTH CENTRAL,OFFENCES AGAINST LAWFUL AUTH,GAMBLING,6
BENUE,NORTH CENTRAL,OFFENCES AGAINST LAWFUL AUTH,BREACH OF PEACE,64
BENUE,NORTH CENTRAL,OFFENCES AGAINST LAWFUL AUTH,PERJURY,1
BENUE,NORTH CENTRAL,OFFENCES AGAINST LAWFUL AUTH,BRIBERY & CORRUPTION,0
BENUE,NORTH CENTRAL,OFFENCES AGAINST LAWFUL AUTH,ESCAPE FROM CUSTODY,5
BENUE,NORTH CENTRAL,OFFENCES AGAINST LAWFUL AUTH,OTHER OFFENCE AGAINST LAWFUL AUTH,23
BORNO,NORTH EAST,OFFENCES AGAINST PROPERTY,ARMED ROBBERY,25
BORNO,NORTH EAST,OFFENCES AGAINST PROPERTY,WOUNDING WITH MENACE,7
BORNO,NORTH EAST,OFFENCES AGAINST PROPERTY,THEFT /STEALING,357
BORNO,NORTH EAST,OFFENCES AGAINST PROPERTY,BURGLARY,4
BORNO,NORTH EAST,OFFENCES AGAINST PROPERTY,HOUSE BREAKING,16
BORNO,NORTH EAST,OFFENCES AGAINST PROPERTY,STORE BREAKING,44
BORNO,NORTH EAST,OFFENCES AGAINST PROPERTY,FALSE PRETENCE & CHEATING/ FRAUD,234
BORNO,NORTH EAST,OFFENCES AGAINST PROPERTY,FORGERY,10
BORNO,NORTH EAST,OFFENCES AGAINST PROPERTY,RECEIVING STOLEN PROPERTY,4
BORNO,NORTH EAST,OFFENCES AGAINST PROPERTY,UNLAWFUL POSSESS,11
BORNO,NORTH EAST,OFFENCES AGAINST PROPERTY,ARSON,4
BORNO,NORTH EAST,OFFENCES AGAINST PROPERTY,OTHER OFFENCE AGAINST PROPERTY,191
BORNO,NORTH EAST,OFFENCES AGAINST PERSONS,MURDER,123
BORNO,NORTH EAST,OFFENCES AGAINST PERSONS,MAN SLAUGHTER,48
BORNO,NORTH EAST,OFFENCES AGAINST PERSONS,ATTEMPTED MURDER,12
BORNO,NORTH EAST,OFFENCES AGAINST PERSONS,SUICIDE,45
BORNO,NORTH EAST,OFFENCES AGAINST PERSONS,ATTEMPTED SUICIDE,3
BORNO,NORTH EAST,OFFENCES AGAINST PERSONS,GRIEVIOUS HARM WOUNDING,73
BORNO,NORTH EAST,OFFENCES AGAINST PERSONS,ASSAULT,39
BORNO,NORTH EAST,OFFENCES AGAINST PERSONS,CHILD STEALING,0
BORNO,NORTH EAST,OFFENCES AGAINST PERSONS,SLAVE DEALING,0
BORNO,NORTH EAST,OFFENCES AGAINST PERSONS,RAPE & INDICENT ASSAULT,97
BORNO,NORTH EAST,OFFENCES AGAINST PERSONS,KIDNAPPING,2
BORNO,NORTH EAST,OFFENCES AGAINST PERSONS,UNNATURAL OFFENCE,45
BORNO,NORTH EAST,OFFENCES AGAINST PERSONS,OTHER OFFENCE AGAINST PERSONS,194
BORNO,NORTH EAST,OFFENCES AGAINST LAWFUL AUTH,FORGERY OF CURRENCY,2
BORNO,NORTH EAST,OFFENCES AGAINST LAWFUL AUTH,COINING OFFENCE,0
BORNO,NORTH EAST,OFFENCES AGAINST LAWFUL AUTH,GAMBLING,0
BORNO,NORTH EAST,OFFENCES AGAINST LAWFUL AUTH,BREACH OF PEACE,1
BORNO,NORTH EAST,OFFENCES AGAINST LAWFUL AUTH,PERJURY,0
BORNO,NORTH EAST,OFFENCES AGAINST LAWFUL AUTH,BRIBERY & CORRUPTION,0
BORNO,NORTH EAST,OFFENCES AGAINST LAWFUL AUTH,ESCAPE FROM CUSTODY,0
BORNO,NORTH EAST,OFFENCES AGAINST LAWFUL AUTH,OTHER OFFENCE AGAINST LAWFUL AUTH,0
CROSS RIVER,SOUTH SOUTH,OFFENCES AGAINST PROPERTY,ARMED ROBBERY,112
CROSS RIVER,SOUTH SOUTH,OFFENCES AGAINST PROPERTY,WOUNDING WITH MENACE,4
CROSS RIVER,SOUTH SOUTH,OFFENCES AGAINST PROPERTY,THEFT /STEALING,624
CROSS RIVER,SOUTH SOUTH,OFFENCES AGAINST PROPERTY,BURGLARY,28
CROSS RIVER,SOUTH SOUTH,OFFENCES AGAINST PROPERTY,HOUSE BREAKING,25
CROSS RIVER,SOUTH SOUTH,OFFENCES AGAINST PROPERTY,STORE BREAKING,19
CROSS RIVER,SOUTH SOUTH,OFFENCES AGAINST PROPERTY,FALSE PRETENCE & CHEATING/ FRAUD,131
CROSS RIVER,SOUTH SOUTH,OFFENCES AGAINST PROPERTY,FORGERY,11
CROSS RIVER,SOUTH SOUTH,OFFENCES AGAINST PROPERTY,RECEIVING STOLEN PROPERTY,5
CROSS RIVER,SOUTH SOUTH,OFFENCES AGAINST PROPERTY,UNLAWFUL POSSESS,31
CROSS RIVER,SOUTH SOUTH,OFFENCES AGAINST PROPERTY,ARSON,16
CROSS RIVER,SOUTH SOUTH,OFFENCES AGAINST PROPERTY,OTHER OFFENCE AGAINST PROPERTY,152
CROSS RIVER,SOUTH SOUTH,OFFENCES AGAINST PERSONS,MURDER,87
CROSS RIVER,SOUTH SOUTH,OFFENCES AGAINST PERSONS,MAN SLAUGHTER,0
CROSS RIVER,SOUTH SOUTH,OFFENCES AGAINST PERSONS,ATTEMPTED MURDER,22
CROSS RIVER,SOUTH SOUTH,OFFENCES AGAINST PERSONS,SUICIDE,0
CROSS RIVER,SOUTH SOUTH,OFFENCES AGAINST PERSONS,ATTEMPTED SUICIDE,0
CROSS RIVER,SOUTH SOUTH,OFFENCES AGAINST PERSONS,GRIEVIOUS HARM WOUNDING,48
CROSS RIVER,SOUTH SOUTH,OFFENCES AGAINST PERSONS,ASSAULT,347
CROSS RIVER,SOUTH SOUTH,OFFENCES AGAINST PERSONS,CHILD STEALING,6
CROSS RIVER,SOUTH SOUTH,OFFENCES AGAINST PERSONS,SLAVE DEALING,0
CROSS RIVER,SOUTH SOUTH,OFFENCES AGAINST PERSONS,RAPE & INDICENT ASSAULT,65
CROSS RIVER,SOUTH SOUTH,OFFENCES AGAINST PERSONS,KIDNAPPING,31
CROSS RIVER,SOUTH SOUTH,OFFENCES AGAINST PERSONS,UNNATURAL OFFENCE,8
CROSS RIVER,SOUTH SOUTH,OFFENCES AGAINST PERSONS,OTHER OFFENCE AGAINST PERSONS,335
CROSS RIVER,SOUTH SOUTH,OFFENCES AGAINST LAWFUL AUTH,FORGERY OF CURRENCY,0
CROSS RIVER,SOUTH SOUTH,OFFENCES AGAINST LAWFUL AUTH,COINING OFFENCE,0
CROSS RIVER,SOUTH SOUTH,OFFENCES AGAINST LAWFUL AUTH,GAMBLING,0
CROSS RIVER,SOUTH SOUTH,OFFENCES AGAINST LAWFUL AUTH,BREACH OF PEACE,49
CROSS RIVER,SOUTH SOUTH,OFFENCES AGAINST LAWFUL AUTH,PERJURY,0
CROSS RIVER,SOUTH SOUTH,OFFENCES AGAINST LAWFUL AUTH,BRIBERY & CORRUPTION,0
CROSS RIVER,SOUTH SOUTH,OFFENCES AGAINST LAWFUL AUTH,ESCAPE FROM CUSTODY,1
CROSS RIVER,SOUTH SOUTH,OFFENCES AGAINST LAWFUL AUTH,OTHER OFFENCE AGAINST LAWFUL AUTH,6
DELTA STATE,SOUTH SOUTH,OFFENCES AGAINST PROPERTY,ARMED ROBBERY,60
DELTA STATE,SOUTH SOUTH,OFFENCES AGAINST PROPERTY,WOUNDING WITH MENACE,11
DELTA STATE,SOUTH SOUTH,OFFENCES AGAINST PROPERTY,THEFT /STEALING,1586
DELTA STATE,SOUTH SOUTH,OFFENCES AGAINST PROPERTY,BURGLARY,156
DELTA STATE,SOUTH SOUTH,OFFENCES AGAINST PROPERTY,HOUSE BREAKING,146
DELTA STATE,SOUTH SOUTH,OFFENCES AGAINST PROPERTY,STORE BREAKING,370
DELTA STATE,SOUTH SOUTH,OFFENCES AGAINST PROPERTY,FALSE PRETENCE & CHEATING/ FRAUD,345
DELTA STATE,SOUTH SOUTH,OFFENCES AGAINST PROPERTY,FORGERY,20
DELTA STATE,SOUTH SOUTH,OFFENCES AGAINST PROPERTY,RECEIVING STOLEN PROPERTY,19
DELTA STATE,SOUTH SOUTH,OFFENCES AGAINST PROPERTY,UNLAWFUL POSSESS,43
DELTA STATE,SOUTH SOUTH,OFFENCES AGAINST PROPERTY,ARSON,12
DELTA STATE,SOUTH SOUTH,OFFENCES AGAINST PROPERTY,OTHER OFFENCE AGAINST PROPERTY,341
DELTA STATE,SOUTH SOUTH,OFFENCES AGAINST PERSONS,MURDER,117
DELTA STATE,SOUTH SOUTH,OFFENCES AGAINST PERSONS,MAN SLAUGHTER,2
DELTA STATE,SOUTH SOUTH,OFFENCES AGAINST PERSONS,ATTEMPTED MURDER,21
DELTA STATE,SOUTH SOUTH,OFFENCES AGAINST PERSONS,SUICIDE,13
DELTA STATE,SOUTH SOUTH,OFFENCES AGAINST PERSONS,ATTEMPTED SUICIDE,0
DELTA STATE,SOUTH SOUTH,OFFENCES AGAINST PERSONS,GRIEVIOUS HARM WOUNDING,325
DELTA STATE,SOUTH SOUTH,OFFENCES AGAINST PERSONS,ASSAULT,1895
DELTA STATE,SOUTH SOUTH,OFFENCES AGAINST PERSONS,CHILD STEALING,9
DELTA STATE,SOUTH SOUTH,OFFENCES AGAINST PERSONS,SLAVE DEALING,0
DELTA STATE,SOUTH SOUTH,OFFENCES AGAINST PERSONS,RAPE & INDICENT ASSAULT,93
DELTA STATE,SOUTH SOUTH,OFFENCES AGAINST PERSONS,KIDNAPPING,49
DELTA STATE,SOUTH SOUTH,OFFENCES AGAINST PERSONS,UNNATURAL OFFENCE,141
DELTA STATE,SOUTH SOUTH,OFFENCES AGAINST PERSONS,OTHER OFFENCE AGAINST PERSONS,645
DELTA STATE,SOUTH SOUTH,OFFENCES AGAINST LAWFUL AUTH,FORGERY OF CURRENCY,1
DELTA STATE,SOUTH SOUTH,OFFENCES AGAINST LAWFUL AUTH,COINING OFFENCE,2
DELTA STATE,SOUTH SOUTH,OFFENCES AGAINST LAWFUL AUTH,GAMBLING,0
DELTA STATE,SOUTH SOUTH,OFFENCES AGAINST LAWFUL AUTH,BREACH OF PEACE,537
DELTA STATE,SOUTH SOUTH,OFFENCES AGAINST LAWFUL AUTH,PERJURY,0
DELTA STATE,SOUTH SOUTH,OFFENCES AGAINST LAWFUL AUTH,BRIBERY & CORRUPTION,0
DELTA STATE,SOUTH SOUTH,OFFENCES AGAINST LAWFUL AUTH,ESCAPE FROM CUSTODY,9
DELTA STATE,SOUTH SOUTH,OFFENCES AGAINST LAWFUL AUTH,OTHER OFFENCE AGAINST LAWFUL AUTH,182
EBONYI,SOUTH EAST,OFFENCES AGAINST PROPERTY,ARMED ROBBERY,370
EBONYI,SOUTH EAST,OFFENCES AGAINST PROPERTY,WOUNDING WITH MENACE,7
EBONYI,SOUTH EAST,OFFENCES AGAINST PROPERTY,THEFT /STEALING,1272
EBONYI,SOUTH EAST,OFFENCES AGAINST PROPERTY,BURGLARY,45
EBONYI,SOUTH EAST,OFFENCES AGAINST PROPERTY,HOUSE BREAKING,66
EBONYI,SOUTH EAST,OFFENCES AGAINST PROPERTY,STORE BREAKING,41
EBONYI,SOUTH EAST,OFFENCES AGAINST PROPERTY,FALSE PRETENCE & CHEATING/ FRAUD,562
EBONYI,SOUTH EAST,OFFENCES AGAINST PROPERTY,FORGERY,40
EBONYI,SOUTH EAST,OFFENCES AGAINST PROPERTY,RECEIVING STOLEN PROPERTY,23
EBONYI,SOUTH EAST,OFFENCES AGAINST PROPERTY,UNLAWFUL POSSESS,64
EBONYI,SOUTH EAST,OFFENCES AGAINST PROPERTY,ARSON,22
EBONYI,SOUTH EAST,OFFENCES AGAINST PROPERTY,OTHER OFFENCE AGAINST PROPERTY,275
EBONYI,SOUTH EAST,OFFENCES AGAINST PERSONS,MURDER,204
EBONYI,SOUTH EAST,OFFENCES AGAINST PERSONS,MAN SLAUGHTER,12
EBONYI,SOUTH EAST,OFFENCES AGAINST PERSONS,ATTEMPTED MURDER,13
EBONYI,SOUTH EAST,OFFENCES AGAINST PERSONS,SUICIDE,4
EBONYI,SOUTH EAST,OFFENCES AGAINST PERSONS,ATTEMPTED SUICIDE,0
EBONYI,SOUTH EAST,OFFENCES AGAINST PERSONS,GRIEVIOUS HARM WOUNDING,690
EBONYI,SOUTH EAST,OFFENCES AGAINST PERSONS,ASSAULT,87
EBONYI,SOUTH EAST,OFFENCES AGAINST PERSONS,CHILD STEALING,6
EBONYI,SOUTH EAST,OFFENCES AGAINST PERSONS,SLAVE DEALING,0
EBONYI,SOUTH EAST,OFFENCES AGAINST PERSONS,RAPE & INDICENT ASSAULT,44
EBONYI,SOUTH EAST,OFFENCES AGAINST PERSONS,KIDNAPPING,98
EBONYI,SOUTH EAST,OFFENCES AGAINST PERSONS,UNNATURAL OFFENCE,26
EBONYI,SOUTH EAST,OFFENCES AGAINST PERSONS,OTHER OFFENCE AGAINST PERSONS,91
EBONYI,SOUTH EAST,OFFENCES AGAINST LAWFUL AUTH,FORGERY OF CURRENCY,23
EBONYI,SOUTH EAST,OFFENCES AGAINST LAWFUL AUTH,COINING OFFENCE,13
EBONYI,SOUTH EAST,OFFENCES AGAINST LAWFUL AUTH,GAMBLING,72
EBONYI,SOUTH EAST,OFFENCES AGAINST LAWFUL AUTH,BREACH OF PEACE,6
EBONYI,SOUTH EAST,OFFENCES AGAINST LAWFUL AUTH,PERJURY,3
EBONYI,SOUTH EAST,OFFENCES AGAINST LAWFUL AUTH,BRIBERY & CORRUPTION,0
EBONYI,SOUTH EAST,OFFENCES AGAINST LAWFUL AUTH,ESCAPE FROM CUSTODY,1
EBONYI,SOUTH EAST,OFFENCES AGAINST LAWFUL AUTH,OTHER OFFENCE AGAINST LAWFUL AUTH,34
EDO,SOUTH SOUTH,OFFENCES AGAINST PROPERTY,ARMED ROBBERY,1
EDO,SOUTH SOUTH,OFFENCES AGAINST PROPERTY,WOUNDING WITH MENACE,253
EDO,SOUTH SOUTH,OFFENCES AGAINST PROPERTY,THEFT /STEALING,20
EDO,SOUTH SOUTH,OFFENCES AGAINST PROPERTY,BURGLARY,36
EDO,SOUTH SOUTH,OFFENCES AGAINST PROPERTY,HOUSE BREAKING,18
EDO,SOUTH SOUTH,OFFENCES AGAINST PROPERTY,STORE BREAKING,20
EDO,SOUTH SOUTH,OFFENCES AGAINST PROPERTY,FALSE PRETENCE & CHEATING/ FRAUD,5
EDO,SOUTH SOUTH,OFFENCES AGAINST PROPERTY,FORGERY,8
EDO,SOUTH SOUTH,OFFENCES AGAINST PROPERTY,RECEIVING STOLEN PROPERTY,49
EDO,SOUTH SOUTH,OFFENCES AGAINST PROPERTY,UNLAWFUL POSSESS,345
EDO,SOUTH SOUTH,OFFENCES AGAINST PROPERTY,ARSON,89
EDO,SOUTH SOUTH,OFFENCES AGAINST PROPERTY,OTHER OFFENCE AGAINST PROPERTY,4
EDO,SOUTH SOUTH,OFFENCES AGAINST PERSONS,MURDER,187
EDO,SOUTH SOUTH,OFFENCES AGAINST PERSONS,MAN SLAUGHTER,5
EDO,SOUTH SOUTH,OFFENCES AGAINST PERSONS,ATTEMPTED MURDER,98
EDO,SOUTH SOUTH,OFFENCES AGAINST PERSONS,SUICIDE,3
EDO,SOUTH SOUTH,OFFENCES AGAINST PERSONS,ATTEMPTED SUICIDE,54
EDO,SOUTH SOUTH,OFFENCES AGAINST PERSONS,GRIEVIOUS HARM WOUNDING,178
EDO,SOUTH SOUTH,OFFENCES AGAINST PERSONS,ASSAULT,3
EDO,SOUTH SOUTH,OFFENCES AGAINST PERSONS,CHILD STEALING,8
EDO,SOUTH SOUTH,OFFENCES AGAINST PERSONS,SLAVE DEALING,16
EDO,SOUTH SOUTH,OFFENCES AGAINST PERSONS,RAPE & INDICENT ASSAULT,10
EDO,SOUTH SOUTH,OFFENCES AGAINST PERSONS,KIDNAPPING,2
EDO,SOUTH SOUTH,OFFENCES AGAINST PERSONS,UNNATURAL OFFENCE,85
EDO,SOUTH SOUTH,OFFENCES AGAINST PERSONS,OTHER OFFENCE AGAINST PERSONS,80
EDO,SOUTH SOUTH,OFFENCES AGAINST LAWFUL AUTH,FORGERY OF CURRENCY,0
EDO,SOUTH SOUTH,OFFENCES AGAINST LAWFUL AUTH,COINING OFFENCE,4
EDO,SOUTH SOUTH,OFFENCES AGAINST LAWFUL AUTH,GAMBLING,243
EDO,SOUTH SOUTH,OFFENCES AGAINST LAWFUL AUTH,BREACH OF PEACE,2
EDO,SOUTH SOUTH,OFFENCES AGAINST LAWFUL AUTH,PERJURY,0
EDO,SOUTH SOUTH,OFFENCES AGAINST LAWFUL AUTH,BRIBERY & CORRUPTION,6
EDO,SOUTH SOUTH,OFFENCES AGAINST LAWFUL AUTH,ESCAPE FROM CUSTODY,11
EDO,SOUTH SOUTH,OFFENCES AGAINST LAWFUL AUTH,OTHER OFFENCE AGAINST LAWFUL AUTH,41
EKITI,SOUTH WEST,OFFENCES AGAINST PROPERTY,ARMED ROBBERY,52
EKITI,SOUTH WEST,OFFENCES AGAINST PROPERTY,WOUNDING WITH MENACE,0
EKITI,SOUTH WEST,OFFENCES AGAINST PROPERTY,THEFT /STEALING,335
EKITI,SOUTH WEST,OFFENCES AGAINST PROPERTY,BURGLARY,0
EKITI,SOUTH WEST,OFFENCES AGAINST PROPERTY,HOUSE BREAKING,5
EKITI,SOUTH WEST,OFFENCES AGAINST PROPERTY,STORE BREAKING,2
EKITI,SOUTH WEST,OFFENCES AGAINST PROPERTY,FALSE PRETENCE & CHEATING/ FRAUD,45
EKITI,SOUTH WEST,OFFENCES AGAINST PROPERTY,FORGERY,7
EKITI,SOUTH WEST,OFFENCES AGAINST PROPERTY,RECEIVING STOLEN PROPERTY,3
EKITI,SOUTH WEST,OFFENCES AGAINST PROPERTY,UNLAWFUL POSSESS,13
EKITI,SOUTH WEST,OFFENCES AGAINST PROPERTY,ARSON,15
EKITI,SOUTH WEST,OFFENCES AGAINST PROPERTY,OTHER OFFENCE AGAINST PROPERTY,77
EKITI,SOUTH WEST,OFFENCES AGAINST PERSONS,MURDER,78
EKITI,SOUTH WEST,OFFENCES AGAINST PERSONS,MAN SLAUGHTER,4
EKITI,SOUTH WEST,OFFENCES AGAINST PERSONS,ATTEMPTED MURDER,78
EKITI,SOUTH WEST,OFFENCES AGAINST PERSONS,SUICIDE,2
EKITI,SOUTH WEST,OFFENCES AGAINST PERSONS,ATTEMPTED SUICIDE,8
EKITI,SOUTH WEST,OFFENCES AGAINST PERSONS,GRIEVIOUS HARM WOUNDING,72
EKITI,SOUTH WEST,OFFENCES AGAINST PERSONS,ASSAULT,11
EKITI,SOUTH WEST,OFFENCES AGAINST PERSONS,CHILD STEALING,0
EKITI,SOUTH WEST,OFFENCES AGAINST PERSONS,SLAVE DEALING,0
EKITI,SOUTH WEST,OFFENCES AGAINST PERSONS,RAPE & INDICENT ASSAULT,51
EKITI,SOUTH WEST,OFFENCES AGAINST PERSONS,KIDNAPPING,3
EKITI,SOUTH WEST,OFFENCES AGAINST PERSONS,UNNATURAL OFFENCE,11
EKITI,SOUTH WEST,OFFENCES AGAINST PERSONS,OTHER OFFENCE AGAINST PERSONS,109
EKITI,SOUTH WEST,OFFENCES AGAINST LAWFUL AUTH,FORGERY OF CURRENCY,0
EKITI,SOUTH WEST,OFFENCES AGAINST LAWFUL AUTH,COINING OFFENCE,0
EKITI,SOUTH WEST,OFFENCES AGAINST LAWFUL AUTH,GAMBLING,0
EKITI,SOUTH WEST,OFFENCES AGAINST LAWFUL AUTH,BREACH OF PEACE,0
EKITI,SOUTH WEST,OFFENCES AGAINST LAWFUL AUTH,PERJURY,0
EKITI,SOUTH WEST,OFFENCES AGAINST LAWFUL AUTH,BRIBERY & CORRUPTION,0
EKITI,SOUTH WEST,OFFENCES AGAINST LAWFUL AUTH,ESCAPE FROM CUSTODY,0
EKITI,SOUTH WEST,OFFENCES AGAINST LAWFUL AUTH,OTHER OFFENCE AGAINST LAWFUL AUTH,0
ENUGU,SOUTH EAST,OFFENCES AGAINST PROPERTY,ARMED ROBBERY,52
ENUGU,SOUTH EAST,OFFENCES AGAINST PROPERTY,WOUNDING WITH MENACE,30
ENUGU,SOUTH EAST,OFFENCES AGAINST PROPERTY,THEFT /STEALING,425
ENUGU,SOUTH EAST,OFFENCES AGAINST PROPERTY,BURGLARY,71
ENUGU,SOUTH EAST,OFFENCES AGAINST PROPERTY,HOUSE BREAKING,71
ENUGU,SOUTH EAST,OFFENCES AGAINST PROPERTY,STORE BREAKING,66
ENUGU,SOUTH EAST,OFFENCES AGAINST PROPERTY,FALSE PRETENCE & CHEATING/ FRAUD,114
ENUGU,SOUTH EAST,OFFENCES AGAINST PROPERTY,FORGERY,29
ENUGU,SOUTH EAST,OFFENCES AGAINST PROPERTY,RECEIVING STOLEN PROPERTY,41
ENUGU,SOUTH EAST,OFFENCES AGAINST PROPERTY,UNLAWFUL POSSESS,115
ENUGU,SOUTH EAST,OFFENCES AGAINST PROPERTY,ARSON,1
ENUGU,SOUTH EAST,OFFENCES AGAINST PROPERTY,OTHER OFFENCE AGAINST PROPERTY,96
ENUGU,SOUTH EAST,OFFENCES AGAINST PERSONS,MURDER,40
ENUGU,SOUTH EAST,OFFENCES AGAINST PERSONS,MAN SLAUGHTER,4
ENUGU,SOUTH EAST,OFFENCES AGAINST PERSONS,ATTEMPTED MURDER,31
ENUGU,SOUTH EAST,OFFENCES AGAINST PERSONS,SUICIDE,0
ENUGU,SOUTH EAST,OFFENCES AGAINST PERSONS,ATTEMPTED SUICIDE,0
ENUGU,SOUTH EAST,OFFENCES AGAINST PERSONS,GRIEVIOUS HARM WOUNDING,72
ENUGU,SOUTH EAST,OFFENCES AGAINST PERSONS,ASSAULT,621
ENUGU,SOUTH EAST,OFFENCES AGAINST PERSONS,CHILD STEALING,4
ENUGU,SOUTH EAST,OFFENCES AGAINST PERSONS,SLAVE DEALING,0
ENUGU,SOUTH EAST,OFFENCES AGAINST PERSONS,RAPE & INDICENT ASSAULT,32
ENUGU,SOUTH EAST,OFFENCES AGAINST PERSONS,KIDNAPPING,25
ENUGU,SOUTH EAST,OFFENCES AGAINST PERSONS,UNNATURAL OFFENCE,1
ENUGU,SOUTH EAST,OFFENCES AGAINST PERSONS,OTHER OFFENCE AGAINST PERSONS,105
ENUGU,SOUTH EAST,OFFENCES AGAINST LAWFUL AUTH,FORGERY OF CURRENCY,0
ENUGU,SOUTH EAST,OFFENCES AGAINST LAWFUL AUTH,COINING OFFENCE,0
ENUGU,SOUTH EAST,OFFENCES AGAINST LAWFUL AUTH,GAMBLING,0
ENUGU,SOUTH EAST,OFFENCES AGAINST LAWFUL AUTH,BREACH OF PEACE,125
ENUGU,SOUTH EAST,OFFENCES AGAINST LAWFUL AUTH,PERJURY,0
ENUGU,SOUTH EAST,OFFENCES AGAINST LAWFUL AUTH,BRIBERY & CORRUPTION,0
ENUGU,SOUTH EAST,OFFENCES AGAINST LAWFUL AUTH,ESCAPE FROM CUSTODY,0
ENUGU,SOUTH EAST,OFFENCES AGAINST LAWFUL AUTH,OTHER OFFENCE AGAINST LAWFUL AUTH,0
FEDERAL CAPITAL TERRITORY,NORTH CENTRAL,OFFENCES AGAINST PROPERTY,ARMED ROBBERY,384
FEDERAL CAPITAL TERRITORY,NORTH CENTRAL,OFFENCES AGAINST PROPERTY,WOUNDING WITH MENACE,0
FEDERAL CAPITAL TERRITORY,NORTH CENTRAL,OFFENCES AGAINST PROPERTY,THEFT /STEALING,2586
FEDERAL CAPITAL TERRITORY,NORTH CENTRAL,OFFENCES AGAINST PROPERTY,BURGLARY,32
FEDERAL CAPITAL TERRITORY,NORTH CENTRAL,OFFENCES AGAINST PROPERTY,HOUSE BREAKING,129
FEDERAL CAPITAL TERRITORY,NORTH CENTRAL,OFFENCES AGAINST PROPERTY,STORE BREAKING,16
FEDERAL CAPITAL TERRITORY,NORTH CENTRAL,OFFENCES AGAINST PROPERTY,FALSE PRETENCE & CHEATING/ FRAUD,518
FEDERAL CAPITAL TERRITORY,NORTH CENTRAL,OFFENCES AGAINST PROPERTY,FORGERY,7
FEDERAL CAPITAL TERRITORY,NORTH CENTRAL,OFFENCES AGAINST PROPERTY,RECEIVING STOLEN PROPERTY,288
FEDERAL CAPITAL TERRITORY,NORTH CENTRAL,OFFENCES AGAINST PROPERTY,UNLAWFUL POSSESS,0
FEDERAL CAPITAL TERRITORY,NORTH CENTRAL,OFFENCES AGAINST PROPERTY,ARSON,12
FEDERAL CAPITAL TERRITORY,NORTH CENTRAL,OFFENCES AGAINST PROPERTY,OTHER OFFENCE AGAINST PROPERTY,188
FEDERAL CAPITAL TERRITORY,NORTH CENTRAL,OFFENCES AGAINST PERSONS,MURDER,91
FEDERAL CAPITAL TERRITORY,NORTH CENTRAL,OFFENCES AGAINST PERSONS,MAN SLAUGHTER,3
FEDERAL CAPITAL TERRITORY,NORTH CENTRAL,OFFENCES AGAINST PERSONS,ATTEMPTED MURDER,0
FEDERAL CAPITAL TERRITORY,NORTH CENTRAL,OFFENCES AGAINST PERSONS,SUICIDE,2
FEDERAL CAPITAL TERRITORY,NORTH CENTRAL,OFFENCES AGAINST PERSONS,ATTEMPTED SUICIDE,0
FEDERAL CAPITAL TERRITORY,NORTH CENTRAL,OFFENCES AGAINST PERSONS,GRIEVIOUS HARM WOUNDING,429
FEDERAL CAPITAL TERRITORY,NORTH CENTRAL,OFFENCES AGAINST PERSONS,ASSAULT,217
FEDERAL CAPITAL TERRITORY,NORTH CENTRAL,OFFENCES AGAINST PERSONS,CHILD STEALING,3
FEDERAL CAPITAL TERRITORY,NORTH CENTRAL,OFFENCES AGAINST PERSONS,SLAVE DEALING,0
FEDERAL CAPITAL TERRITORY,NORTH CENTRAL,OFFENCES AGAINST PERSONS,RAPE & INDICENT ASSAULT,132
FEDERAL CAPITAL TERRITORY,NORTH CENTRAL,OFFENCES AGAINST PERSONS,KIDNAPPING,49
FEDERAL CAPITAL TERRITORY,NORTH CENTRAL,OFFENCES AGAINST PERSONS,UNNATURAL OFFENCE,41
FEDERAL CAPITAL TERRITORY,NORTH CENTRAL,OFFENCES AGAINST PERSONS,OTHER OFFENCE AGAINST PERSONS,216
FEDERAL CAPITAL TERRITORY,NORTH CENTRAL,OFFENCES AGAINST LAWFUL AUTH,FORGERY OF CURRENCY,0
FEDERAL CAPITAL TERRITORY,NORTH CENTRAL,OFFENCES AGAINST LAWFUL AUTH,COINING OFFENCE,0
FEDERAL CAPITAL TERRITORY,NORTH CENTRAL,OFFENCES AGAINST LAWFUL AUTH,GAMBLING,0
FEDERAL CAPITAL TERRITORY,NORTH CENTRAL,OFFENCES AGAINST LAWFUL AUTH,BREACH OF PEACE,11
FEDERAL CAPITAL TERRITORY,NORTH CENTRAL,OFFENCES AGAINST LAWFUL AUTH,PERJURY,0
FEDERAL CAPITAL TERRITORY,NORTH CENTRAL,OFFENCES AGAINST LAWFUL AUTH,BRIBERY & CORRUPTION,0
FEDERAL CAPITAL TERRITORY,NORTH CENTRAL,OFFENCES AGAINST LAWFUL AUTH,ESCAPE FROM CUSTODY,0
FEDERAL CAPITAL TERRITORY,NORTH CENTRAL,OFFENCES AGAINST LAWFUL AUTH,OTHER OFFENCE AGAINST LAWFUL AUTH,28
GOMBE,NORTH EAST,OFFENCES AGAINST PROPERTY,ARMED ROBBERY,89
GOMBE,NORTH EAST,OFFENCES AGAINST PROPERTY,WOUNDING WITH MENACE,0
GOMBE,NORTH EAST,OFFENCES AGAINST PROPERTY,THEFT /STEALING,458
GOMBE,NORTH EAST,OFFENCES AGAINST PROPERTY,BURGLARY,0
GOMBE,NORTH EAST,OFFENCES AGAINST PROPERTY,HOUSE BREAKING,59
GOMBE,NORTH EAST,OFFENCES AGAINST PROPERTY,STORE BREAKING,8
GOMBE,NORTH EAST,OFFENCES AGAINST PROPERTY,FALSE PRETENCE & CHEATING/ FRAUD,164
GOMBE,NORTH EAST,OFFENCES AGAINST PROPERTY,FORGERY,3
GOMBE,NORTH EAST,OFFENCES AGAINST PROPERTY,RECEIVING STOLEN PROPERTY,35
GOMBE,NORTH EAST,OFFENCES AGAINST PROPERTY,UNLAWFUL POSSESS,10
GOMBE,NORTH EAST,OFFENCES AGAINST PROPERTY,ARSON,47
GOMBE,NORTH EAST,OFFENCES AGAINST PROPERTY,OTHER OFFENCE AGAINST PROPERTY,99
GOMBE,NORTH EAST,OFFENCES AGAINST PERSONS,MURDER,73
GOMBE,NORTH EAST,OFFENCES AGAINST PERSONS,MAN SLAUGHTER,0
GOMBE,NORTH EAST,OFFENCES AGAINST PERSONS,ATTEMPTED MURDER,1
GOMBE,NORTH EAST,OFFENCES AGAINST PERSONS,SUICIDE,1
GOMBE,NORTH EAST,OFFENCES AGAINST PERSONS,ATTEMPTED SUICIDE,2
GOMBE,NORTH EAST,OFFENCES AGAINST PERSONS,GRIEVIOUS HARM WOUNDING,111
GOMBE,NORTH EAST,OFFENCES AGAINST PERSONS,ASSAULT,44
GOMBE,NORTH EAST,OFFENCES AGAINST PERSONS,CHILD STEALING,0
GOMBE,NORTH EAST,OFFENCES AGAINST PERSONS,SLAVE DEALING,0
GOMBE,NORTH EAST,OFFENCES AGAINST PERSONS,RAPE & INDICENT ASSAULT,52
GOMBE,NORTH EAST,OFFENCES AGAINST PERSONS,KIDNAPPING,10
GOMBE,NORTH EAST,OFFENCES AGAINST PERSONS,UNNATURAL OFFENCE,4
GOMBE,NORTH EAST,OFFENCES AGAINST PERSONS,OTHER OFFENCE AGAINST PERSONS,110
GOMBE,NORTH EAST,OFFENCES AGAINST LAWFUL AUTH,FORGERY OF CURRENCY,13
GOMBE,NORTH EAST,OFFENCES AGAINST LAWFUL AUTH,COINING OFFENCE,0
GOMBE,NORTH EAST,OFFENCES AGAINST LAWFUL AUTH,GAMBLING,1
GOMBE,NORTH EAST,OFFENCES AGAINST LAWFUL AUTH,BREACH OF PEACE,4
GOMBE,NORTH EAST,OFFENCES AGAINST LAWFUL AUTH,PERJURY,0
GOMBE,NORTH EAST,OFFENCES AGAINST LAWFUL AUTH,BRIBERY & CORRUPTION,0
GOMBE,NORTH EAST,OFFENCES AGAINST LAWFUL AUTH,ESCAPE FROM CUSTODY,1
GOMBE,NORTH EAST,OFFENCES AGAINST LAWFUL AUTH,OTHER OFFENCE AGAINST LAWFUL AUTH,14
IMO,SOUTH EAST,OFFENCES AGAINST PROPERTY,ARMED ROBBERY,40
IMO,SOUTH EAST,OFFENCES AGAINST PROPERTY,WOUNDING WITH MENACE,0
IMO,SOUTH EAST,OFFENCES AGAINST PROPERTY,THEFT /STEALING,166
IMO,SOUTH EAST,OFFENCES AGAINST PROPERTY,BURGLARY,27
IMO,SOUTH EAST,OFFENCES AGAINST PROPERTY,HOUSE BREAKING,31
IMO,SOUTH EAST,OFFENCES AGAINST PROPERTY,STORE BREAKING,21
IMO,SOUTH EAST,OFFENCES AGAINST PROPERTY,FALSE PRETENCE & CHEATING/ FRAUD,120
IMO,SOUTH EAST,OFFENCES AGAINST PROPERTY,FORGERY,0
IMO,SOUTH EAST,OFFENCES AGAINST PROPERTY,RECEIVING STOLEN PROPERTY,0
IMO,SOUTH EAST,OFFENCES AGAINST PROPERTY,UNLAWFUL POSSESS,16
IMO,SOUTH EAST,OFFENCES AGAINST PROPERTY,ARSON,6
IMO,SOUTH EAST,OFFENCES AGAINST PROPERTY,OTHER OFFENCE AGAINST PROPERTY,270
IMO,SOUTH EAST,OFFENCES AGAINST PERSONS,MURDER,52
IMO,SOUTH EAST,OFFENCES AGAINST PERSONS,MAN SLAUGHTER,0
IMO,SOUTH EAST,OFFENCES AGAINST PERSONS,ATTEMPTED MURDER,43
IMO,SOUTH EAST,OFFENCES AGAINST PERSONS,SUICIDE,0
IMO,SOUTH EAST,OFFENCES AGAINST PERSONS,ATTEMPTED SUICIDE,0
IMO,SOUTH EAST,OFFENCES AGAINST PERSONS,GRIEVIOUS HARM WOUNDING,38
IMO,SOUTH EAST,OFFENCES AGAINST PERSONS,ASSAULT,184
IMO,SOUTH EAST,OFFENCES AGAINST PERSONS,CHILD STEALING,0
IMO,SOUTH EAST,OFFENCES AGAINST PERSONS,SLAVE DEALING,0
IMO,SOUTH EAST,OFFENCES AGAINST PERSONS,RAPE & INDICENT ASSAULT,23
IMO,SOUTH EAST,OFFENCES AGAINST PERSONS,KIDNAPPING,33
IMO,SOUTH EAST,OFFENCES AGAINST PERSONS,UNNATURAL OFFENCE,0
IMO,SOUTH EAST,OFFENCES AGAINST PERSONS,OTHER OFFENCE AGAINST PERSONS,520
IMO,SOUTH EAST,OFFENCES AGAINST LAWFUL AUTH,FORGERY OF CURRENCY,0
IMO,SOUTH EAST,OFFENCES AGAINST LAWFUL AUTH,COINING OFFENCE,0
IMO,SOUTH EAST,OFFENCES AGAINST LAWFUL AUTH,GAMBLING,0
IMO,SOUTH EAST,OFFENCES AGAINST LAWFUL AUTH,BREACH OF PEACE,80
IMO,SOUTH EAST,OFFENCES AGAINST LAWFUL AUTH,PERJURY,0
IMO,SOUTH EAST,OFFENCES AGAINST LAWFUL AUTH,BRIBERY & CORRUPTION,0
IMO,SOUTH EAST,OFFENCES AGAINST LAWFUL AUTH,ESCAPE FROM CUSTODY,0
IMO,SOUTH EAST,OFFENCES AGAINST LAWFUL AUTH,OTHER OFFENCE AGAINST LAWFUL AUTH,0
JIGAWA,NORTH WEST,OFFENCES AGAINST PROPERTY,ARMED ROBBERY,44
JIGAWA,NORTH WEST,OFFENCES AGAINST PROPERTY,WOUNDING WITH MENACE,0
JIGAWA,NORTH WEST,OFFENCES AGAINST PROPERTY,THEFT /STEALING,150
JIGAWA,NORTH WEST,OFFENCES AGAINST PROPERTY,BURGLARY,1
JIGAWA,NORTH WEST,OFFENCES AGAINST PROPERTY,HOUSE BREAKING,41
JIGAWA,NORTH WEST,OFFENCES AGAINST PROPERTY,STORE BREAKING,0
JIGAWA,NORTH WEST,OFFENCES AGAINST PROPERTY,FALSE PRETENCE & CHEATING/ FRAUD,15
JIGAWA,NORTH WEST,OFFENCES AGAINST PROPERTY,FORGERY,0
JIGAWA,NORTH WEST,OFFENCES AGAINST PROPERTY,RECEIVING STOLEN PROPERTY,7
JIGAWA,NORTH WEST,OFFENCES AGAINST PROPERTY,UNLAWFUL POSSESS,7
JIGAWA,NORTH WEST,OFFENCES AGAINST PROPERTY,ARSON,5
JIGAWA,NORTH WEST,OFFENCES AGAINST PROPERTY,OTHER OFFENCE AGAINST PROPERTY,127
JIGAWA,NORTH WEST,OFFENCES AGAINST PERSONS,MURDER,62
JIGAWA,NORTH WEST,OFFENCES AGAINST PERSONS,MAN SLAUGHTER,0
JIGAWA,NORTH WEST,OFFENCES AGAINST PERSONS,ATTEMPTED MURDER,4
JIGAWA,NORTH WEST,OFFENCES AGAINST PERSONS,SUICIDE,2
JIGAWA,NORTH WEST,OFFENCES AGAINST PERSONS,ATTEMPTED SUICIDE,0
JIGAWA,NORTH WEST,OFFENCES AGAINST PERSONS,GRIEVIOUS HARM WOUNDING,56
JIGAWA,NORTH WEST,OFFENCES AGAINST PERSONS,ASSAULT,28
JIGAWA,NORTH WEST,OFFENCES AGAINST PERSONS,CHILD STEALING,0
JIGAWA,NORTH WEST,OFFENCES AGAINST PERSONS,SLAVE DEALING,0
JIGAWA,NORTH WEST,OFFENCES AGAINST PERSONS,RAPE & INDICENT ASSAULT,83
JIGAWA,NORTH WEST,OFFENCES AGAINST PERSONS,KIDNAPPING,5
JIGAWA,NORTH WEST,OFFENCES AGAINST PERSONS,UNNATURAL OFFENCE,15
JIGAWA,NORTH WEST,OFFENCES AGAINST PERSONS,OTHER OFFENCE AGAINST PERSONS,90
JIGAWA,NORTH WEST,OFFENCES AGAINST LAWFUL AUTH,FORGERY OF CURRENCY,0
JIGAWA,NORTH WEST,OFFENCES AGAINST LAWFUL AUTH,COINING OFFENCE,5
JIGAWA,NORTH WEST,OFFENCES AGAINST LAWFUL AUTH,GAMBLING,5
JIGAWA,NORTH WEST,OFFENCES AGAINST LAWFUL AUTH,BREACH OF PEACE,20
JIGAWA,NORTH WEST,OFFENCES AGAINST LAWFUL AUTH,PERJURY,0
JIGAWA,NORTH WEST,OFFENCES AGAINST LAWFUL AUTH,BRIBERY & CORRUPTION,0
JIGAWA,NORTH WEST,OFFENCES AGAINST LAWFUL AUTH,ESCAPE FROM CUSTODY,2
JIGAWA,NORTH WEST,OFFENCES AGAINST LAWFUL AUTH,OTHER OFFENCE AGAINST LAWFUL AUTH,15
KADUNA,NORTH WEST,OFFENCES AGAINST PROPERTY,ARMED ROBBERY,67
KADUNA,NORTH WEST,OFFENCES AGAINST PROPERTY,WOUNDING WITH MENACE,0
KADUNA,NORTH WEST,OFFENCES AGAINST PROPERTY,THEFT /STEALING,133
KADUNA,NORTH WEST,OFFENCES AGAINST PROPERTY,BURGLARY,0
KADUNA,NORTH WEST,OFFENCES AGAINST PROPERTY,HOUSE BREAKING,40
KADUNA,NORTH WEST,OFFENCES AGAINST PROPERTY,STORE BREAKING,43
KADUNA,NORTH WEST,OFFENCES AGAINST PROPERTY,FALSE PRETENCE & CHEATING/ FRAUD,309
KADUNA,NORTH WEST,OFFENCES AGAINST PROPERTY,FORGERY,43
KADUNA,NORTH WEST,OFFENCES AGAINST PROPERTY,RECEIVING STOLEN PROPERTY,27
KADUNA,NORTH WEST,OFFENCES AGAINST PROPERTY,UNLAWFUL POSSESS,29
KADUNA,NORTH WEST,OFFENCES AGAINST PROPERTY,ARSON,0
KADUNA,NORTH WEST,OFFENCES AGAINST PROPERTY,OTHER OFFENCE AGAINST PROPERTY,3
KADUNA,NORTH WEST,OFFENCES AGAINST PERSONS,MURDER,128
KADUNA,NORTH WEST,OFFENCES AGAINST PERSONS,MAN SLAUGHTER,0
KADUNA,NORTH WEST,OFFENCES AGAINST PERSONS,ATTEMPTED MURDER,0
KADUNA,NORTH WEST,OFFENCES AGAINST PERSONS,SUICIDE,0
KADUNA,NORTH WEST,OFFENCES AGAINST PERSONS,ATTEMPTED SUICIDE,0
KADUNA,NORTH WEST,OFFENCES AGAINST PERSONS,GRIEVIOUS HARM WOUNDING,47
KADUNA,NORTH WEST,OFFENCES AGAINST PERSONS,ASSAULT,26
KADUNA,NORTH WEST,OFFENCES AGAINST PERSONS,CHILD STEALING,0
KADUNA,NORTH WEST,OFFENCES AGAINST PERSONS,SLAVE DEALING,0
KADUNA,NORTH WEST,OFFENCES AGAINST PERSONS,RAPE & INDICENT ASSAULT,95
KADUNA,NORTH WEST,OFFENCES AGAINST PERSONS,KIDNAPPING,64
KADUNA,NORTH WEST,OFFENCES AGAINST PERSONS,UNNATURAL OFFENCE,25
KADUNA,NORTH WEST,OFFENCES AGAINST PERSONS,OTHER OFFENCE AGAINST PERSONS,0
KADUNA,NORTH WEST,OFFENCES AGAINST LAWFUL AUTH,FORGERY OF CURRENCY,0
KADUNA,NORTH WEST,OFFENCES AGAINST LAWFUL AUTH,COINING OFFENCE,0
KADUNA,NORTH WEST,OFFENCES AGAINST LAWFUL AUTH,GAMBLING,2
KADUNA,NORTH WEST,OFFENCES AGAINST LAWFUL AUTH,BREACH OF PEACE,0
KADUNA,NORTH WEST,OFFENCES AGAINST LAWFUL AUTH,PERJURY,0
KADUNA,NORTH WEST,OFFENCES AGAINST LAWFUL AUTH,BRIBERY & CORRUPTION,0
KADUNA,NORTH WEST,OFFENCES AGAINST LAWFUL AUTH,ESCAPE FROM CUSTODY,2
KADUNA,NORTH WEST,OFFENCES AGAINST LAWFUL AUTH,OTHER OFFENCE AGAINST LAWFUL AUTH,0
KANO,NORTH WEST,OFFENCES AGAINST PROPERTY,ARMED ROBBERY,36
KANO,NORTH WEST,OFFENCES AGAINST PROPERTY,WOUNDING WITH MENACE,4
KANO,NORTH WEST,OFFENCES AGAINST PROPERTY,THEFT /STEALING,1385
KANO,NORTH WEST,OFFENCES AGAINST PROPERTY,BURGLARY,8
KANO,NORTH WEST,OFFENCES AGAINST PROPERTY,HOUSE BREAKING,135
KANO,NORTH WEST,OFFENCES AGAINST PROPERTY,STORE BREAKING,137
KANO,NORTH WEST,OFFENCES AGAINST PROPERTY,FALSE PRETENCE & CHEATING/ FRAUD,699
KANO,NORTH WEST,OFFENCES AGAINST PROPERTY,FORGERY,10
KANO,NORTH WEST,OFFENCES AGAINST PROPERTY,RECEIVING STOLEN PROPERTY,199
KANO,NORTH WEST,OFFENCES AGAINST PROPERTY,UNLAWFUL POSSESS,213
KANO,NORTH WEST,OFFENCES AGAINST PROPERTY,ARSON,22
KANO,NORTH WEST,OFFENCES AGAINST PROPERTY,OTHER OFFENCE AGAINST PROPERTY,466
KANO,NORTH WEST,OFFENCES AGAINST PERSONS,MURDER,124
KANO,NORTH WEST,OFFENCES AGAINST PERSONS,MAN SLAUGHTER,0
KANO,NORTH WEST,OFFENCES AGAINST PERSONS,ATTEMPTED MURDER,3
KANO,NORTH WEST,OFFENCES AGAINST PERSONS,SUICIDE,4
KANO,NORTH WEST,OFFENCES AGAINST PERSONS,ATTEMPTED SUICIDE,1
KANO,NORTH WEST,OFFENCES AGAINST PERSONS,GRIEVIOUS HARM WOUNDING,452
KANO,NORTH WEST,OFFENCES AGAINST PERSONS,ASSAULT,414
KANO,NORTH WEST,OFFENCES AGAINST PERSONS,CHILD STEALING,0
KANO,NORTH WEST,OFFENCES AGAINST PERSONS,SLAVE DEALING,0
KANO,NORTH WEST,OFFENCES AGAINST PERSONS,RAPE & INDICENT ASSAULT,237
KANO,NORTH WEST,OFFENCES AGAINST PERSONS,KIDNAPPING,43
KANO,NORTH WEST,OFFENCES AGAINST PERSONS,UNNATURAL OFFENCE,97
KANO,NORTH WEST,OFFENCES AGAINST PERSONS,OTHER OFFENCE AGAINST PERSONS,727
KANO,NORTH WEST,OFFENCES AGAINST LAWFUL AUTH,FORGERY OF CURRENCY,5
KANO,NORTH WEST,OFFENCES AGAINST LAWFUL AUTH,COINING OFFENCE,3
KANO,NORTH WEST,OFFENCES AGAINST LAWFUL AUTH,GAMBLING,56
KANO,NORTH WEST,OFFENCES AGAINST LAWFUL AUTH,BREACH OF PEACE,183
KANO,NORTH WEST,OFFENCES AGAINST LAWFUL AUTH,PERJURY,0
KANO,NORTH WEST,OFFENCES AGAINST LAWFUL AUTH,BRIBERY & CORRUPTION,0
KANO,NORTH WEST,OFFENCES AGAINST LAWFUL AUTH,ESCAPE FROM CUSTODY,4
KANO,NORTH WEST,OFFENCES AGAINST LAWFUL AUTH,OTHER OFFENCE AGAINST LAWFUL AUTH,38
KATSINA,NORTH WEST,OFFENCES AGAINST PROPERTY,ARMED ROBBERY,98
KATSINA,NORTH WEST,OFFENCES AGAINST PROPERTY,WOUNDING WITH MENACE,29
KATSINA,NORTH WEST,OFFENCES AGAINST PROPERTY,THEFT /STEALING,498
KATSINA,NORTH WEST,OFFENCES AGAINST PROPERTY,BURGLARY,5
KATSINA,NORTH WEST,OFFENCES AGAINST PROPERTY,HOUSE BREAKING,7
KATSINA,NORTH WEST,OFFENCES AGAINST PROPERTY,STORE BREAKING,11
KATSINA,NORTH WEST,OFFENCES AGAINST PROPERTY,FALSE PRETENCE & CHEATING/ FRAUD,101
KATSINA,NORTH WEST,OFFENCES AGAINST PROPERTY,FORGERY,23
KATSINA,NORTH WEST,OFFENCES AGAINST PROPERTY,RECEIVING STOLEN PROPERTY,1
KATSINA,NORTH WEST,OFFENCES AGAINST PROPERTY,UNLAWFUL POSSESS,19
KATSINA,NORTH WEST,OFFENCES AGAINST PROPERTY,ARSON,6
KATSINA,NORTH WEST,OFFENCES AGAINST PROPERTY,OTHER OFFENCE AGAINST PROPERTY,104
KATSINA,NORTH WEST,OFFENCES AGAINST PERSONS,MURDER,52
KATSINA,NORTH WEST,OFFENCES AGAINST PERSONS,MAN SLAUGHTER,5
KATSINA,NORTH WEST,OFFENCES AGAINST PERSONS,ATTEMPTED MURDER,25
KATSINA,NORTH WEST,OFFENCES AGAINST PERSONS,SUICIDE,23
KATSINA,NORTH WEST,OFFENCES AGAINST PERSONS,ATTEMPTED SUICIDE,2
KATSINA,NORTH WEST,OFFENCES AGAINST PERSONS,GRIEVIOUS HARM WOUNDING,22
KATSINA,NORTH WEST,OFFENCES AGAINST PERSONS,ASSAULT,150
KATSINA,NORTH WEST,OFFENCES AGAINST PERSONS,CHILD STEALING,15
KATSINA,NORTH WEST,OFFENCES AGAINST PERSONS,SLAVE DEALING,10
KATSINA,NORTH WEST,OFFENCES AGAINST PERSONS,RAPE & INDICENT ASSAULT,2
KATSINA,NORTH WEST,OFFENCES AGAINST PERSONS,KIDNAPPING,30
KATSINA,NORTH WEST,OFFENCES AGAINST PERSONS,UNNATURAL OFFENCE,58
KATSINA,NORTH WEST,OFFENCES AGAINST PERSONS,OTHER OFFENCE AGAINST PERSONS,208
KATSINA,NORTH WEST,OFFENCES AGAINST LAWFUL AUTH,FORGERY OF CURRENCY,1
KATSINA,NORTH WEST,OFFENCES AGAINST LAWFUL AUTH,COINING OFFENCE,0
KATSINA,NORTH WEST,OFFENCES AGAINST LAWFUL AUTH,GAMBLING,0
KATSINA,NORTH WEST,OFFENCES AGAINST LAWFUL AUTH,BREACH OF PEACE,5
KATSINA,NORTH WEST,OFFENCES AGAINST LAWFUL AUTH,PERJURY,0
KATSINA,NORTH WEST,OFFENCES AGAINST LAWFUL AUTH,BRIBERY & CORRUPTION,0
KATSINA,NORTH WEST,OFFENCES AGAINST LAWFUL AUTH,ESCAPE FROM CUSTODY,7
KATSINA,NORTH WEST,OFFENCES AGAINST LAWFUL AUTH,OTHER OFFENCE AGAINST LAWFUL AUTH,45
KEBBI,NORTH WEST,OFFENCES AGAINST PROPERTY,ARMED ROBBERY,30
KEBBI,NORTH WEST,OFFENCES AGAINST PROPERTY,WOUNDING WITH MENACE,0
KEBBI,NORTH WEST,OFFENCES AGAINST PROPERTY,THEFT /STEALING,27
KEBBI,NORTH WEST,OFFENCES AGAINST PROPERTY,BURGLARY,0
KEBBI,NORTH WEST,OFFENCES AGAINST PROPERTY,HOUSE BREAKING,2
KEBBI,NORTH WEST,OFFENCES AGAINST PROPERTY,STORE BREAKING,1
KEBBI,NORTH WEST,OFFENCES AGAINST PROPERTY,FALSE PRETENCE & CHEATING/ FRAUD,20
KEBBI,NORTH WEST,OFFENCES AGAINST PROPERTY,FORGERY,0
KEBBI,NORTH WEST,OFFENCES AGAINST PROPERTY,RECEIVING STOLEN PROPERTY,5
KEBBI,NORTH WEST,OFFENCES AGAINST PROPERTY,UNLAWFUL POSSESS,9
KEBBI,NORTH WEST,OFFENCES AGAINST PROPERTY,ARSON,5
KEBBI,NORTH WEST,OFFENCES AGAINST PROPERTY,OTHER OFFENCE AGAINST PROPERTY,7
KEBBI,NORTH WEST,OFFENCES AGAINST PERSONS,MURDER,55
KEBBI,NORTH WEST,OFFENCES AGAINST PERSONS,MAN SLAUGHTER,0
KEBBI,NORTH WEST,OFFENCES AGAINST PERSONS,ATTEMPTED MURDER,0
KEBBI,NORTH WEST,OFFENCES AGAINST PERSONS,SUICIDE,0
KEBBI,NORTH WEST,OFFENCES AGAINST PERSONS,ATTEMPTED SUICIDE,0
KEBBI,NORTH WEST,OFFENCES AGAINST PERSONS,GRIEVIOUS HARM WOUNDING,7
KEBBI,NORTH WEST,OFFENCES AGAINST PERSONS,ASSAULT,0
KEBBI,NORTH WEST,OFFENCES AGAINST PERSONS,CHILD STEALING,0
KEBBI,NORTH WEST,OFFENCES AGAINST PERSONS,SLAVE DEALING,0
KEBBI,NORTH WEST,OFFENCES AGAINST PERSONS,RAPE & INDICENT ASSAULT,15
KEBBI,NORTH WEST,OFFENCES AGAINST PERSONS,KIDNAPPING,8
KEBBI,NORTH WEST,OFFENCES AGAINST PERSONS,UNNATURAL OFFENCE,3
KEBBI,NORTH WEST,OFFENCES AGAINST PERSONS,OTHER OFFENCE AGAINST PERSONS,0
KEBBI,NORTH WEST,OFFENCES AGAINST LAWFUL AUTH,FORGERY OF CURRENCY,4
KEBBI,NORTH WEST,OFFENCES AGAINST LAWFUL AUTH,COINING OFFENCE,0
KEBBI,NORTH WEST,OFFENCES AGAINST LAWFUL AUTH,GAMBLING,0
KEBBI,NORTH WEST,OFFENCES AGAINST LAWFUL AUTH,BREACH OF PEACE,6
KEBBI,NORTH WEST,OFFENCES AGAINST LAWFUL AUTH,PERJURY,0
KEBBI,NORTH WEST,OFFENCES AGAINST LAWFUL AUTH,BRIBERY & CORRUPTION,0
KEBBI,NORTH WEST,OFFENCES AGAINST LAWFUL AUTH,ESCAPE FROM CUSTODY,1
KEBBI,NORTH WEST,OFFENCES AGAINST LAWFUL AUTH,OTHER OFFENCE AGAINST LAWFUL AUTH,0
KOGI,NORTH CENTRAL,OFFENCES AGAINST PROPERTY,ARMED ROBBERY,37
KOGI,NORTH CENTRAL,OFFENCES AGAINST PROPERTY,WOUNDING WITH MENACE,0
KOGI,NORTH CENTRAL,OFFENCES AGAINST PROPERTY,THEFT /STEALING,20
KOGI,NORTH CENTRAL,OFFENCES AGAINST PROPERTY,BURGLARY,0
KOGI,NORTH CENTRAL,OFFENCES AGAINST PROPERTY,HOUSE BREAKING,1
KOGI,NORTH CENTRAL,OFFENCES AGAINST PROPERTY,STORE BREAKING,0
KOGI,NORTH CENTRAL,OFFENCES AGAINST PROPERTY,FALSE PRETENCE & CHEATING/ FRAUD,7
KOGI,NORTH CENTRAL,OFFENCES AGAINST PROPERTY,FORGERY,2
KOGI,NORTH CENTRAL,OFFENCES AGAINST PROPERTY,RECEIVING STOLEN PROPERTY,0
KOGI,NORTH CENTRAL,OFFENCES AGAINST PROPERTY,UNLAWFUL POSSESS,22
KOGI,NORTH CENTRAL,OFFENCES AGAINST PROPERTY,ARSON,0
KOGI,NORTH CENTRAL,OFFENCES AGAINST PROPERTY,OTHER OFFENCE AGAINST PROPERTY,22
KOGI,NORTH CENTRAL,OFFENCES AGAINST PERSONS,MURDER,76
KOGI,NORTH CENTRAL,OFFENCES AGAINST PERSONS,MAN SLAUGHTER,0
KOGI,NORTH CENTRAL,OFFENCES AGAINST PERSONS,ATTEMPTED MURDER,13
KOGI,NORTH CENTRAL,OFFENCES AGAINST PERSONS,SUICIDE,0
KOGI,NORTH CENTRAL,OFFENCES AGAINST PERSONS,ATTEMPTED SUICIDE,0
KOGI,NORTH CENTRAL,OFFENCES AGAINST PERSONS,GRIEVIOUS HARM WOUNDING,0
KOGI,NORTH CENTRAL,OFFENCES AGAINST PERSONS,ASSAULT,0
KOGI,NORTH CENTRAL,OFFENCES AGAINST PERSONS,CHILD STEALING,0
KOGI,NORTH CENTRAL,OFFENCES AGAINST PERSONS,SLAVE DEALING,0
KOGI,NORTH CENTRAL,OFFENCES AGAINST PERSONS,RAPE & INDICENT ASSAULT,11
KOGI,NORTH CENTRAL,OFFENCES AGAINST PERSONS,KIDNAPPING,46
KOGI,NORTH CENTRAL,OFFENCES AGAINST PERSONS,UNNATURAL OFFENCE,0
KOGI,NORTH CENTRAL,OFFENCES AGAINST PERSONS,OTHER OFFENCE AGAINST PERSONS,0
KOGI,NORTH CENTRAL,OFFENCES AGAINST LAWFUL AUTH,FORGERY OF CURRENCY,2
KOGI,NORTH CENTRAL,OFFENCES AGAINST LAWFUL AUTH,COINING OFFENCE,0
KOGI,NORTH CENTRAL,OFFENCES AGAINST LAWFUL AUTH,GAMBLING,0
KOGI,NORTH CENTRAL,OFFENCES AGAINST LAWFUL AUTH,BREACH OF PEACE,0
KOGI,NORTH CENTRAL,OFFENCES AGAINST LAWFUL AUTH,PERJURY,0
KOGI,NORTH CENTRAL,OFFENCES AGAINST LAWFUL AUTH,BRIBERY & CORRUPTION,0
KOGI,NORTH CENTRAL,OFFENCES AGAINST LAWFUL AUTH,ESCAPE FROM CUSTODY,0
KOGI,NORTH CENTRAL,OFFENCES AGAINST LAWFUL AUTH,OTHER OFFENCE AGAINST LAWFUL AUTH,23
KWARA,NORTH CENTRAL,OFFENCES AGAINST PROPERTY,ARMED ROBBERY,80
KWARA,NORTH CENTRAL,OFFENCES AGAINST PROPERTY,WOUNDING WITH MENACE,1
KWARA,NORTH CENTRAL,OFFENCES AGAINST PROPERTY,THEFT /STEALING,253
KWARA,NORTH CENTRAL,OFFENCES AGAINST PROPERTY,BURGLARY,20
KWARA,NORTH CENTRAL,OFFENCES AGAINST PROPERTY,HOUSE BREAKING,36
KWARA,NORTH CENTRAL,OFFENCES AGAINST PROPERTY,STORE BREAKING,18
KWARA,NORTH CENTRAL,OFFENCES AGAINST PROPERTY,FALSE PRETENCE & CHEATING/ FRAUD,20
KWARA,NORTH CENTRAL,OFFENCES AGAINST PROPERTY,FORGERY,5
KWARA,NORTH CENTRAL,OFFENCES AGAINST PROPERTY,RECEIVING STOLEN PROPERTY,8
KWARA,NORTH CENTRAL,OFFENCES AGAINST PROPERTY,UNLAWFUL POSSESS,6
KWARA,NORTH CENTRAL,OFFENCES AGAINST PROPERTY,ARSON,12
KWARA,NORTH CENTRAL,OFFENCES AGAINST PROPERTY,OTHER OFFENCE AGAINST PROPERTY,67
KWARA,NORTH CENTRAL,OFFENCES AGAINST PERSONS,MURDER,78
KWARA,NORTH CENTRAL,OFFENCES AGAINST PERSONS,MAN SLAUGHTER,0
KWARA,NORTH CENTRAL,OFFENCES AGAINST PERSONS,ATTEMPTED MURDER,12
KWARA,NORTH CENTRAL,OFFENCES AGAINST PERSONS,SUICIDE,3
KWARA,NORTH CENTRAL,OFFENCES AGAINST PERSONS,ATTEMPTED SUICIDE,1
KWARA,NORTH CENTRAL,OFFENCES AGAINST PERSONS,GRIEVIOUS HARM WOUNDING,47
KWARA,NORTH CENTRAL,OFFENCES AGAINST PERSONS,ASSAULT,14
KWARA,NORTH CENTRAL,OFFENCES AGAINST PERSONS,CHILD STEALING,3
KWARA,NORTH CENTRAL,OFFENCES AGAINST PERSONS,SLAVE DEALING,8
KWARA,NORTH CENTRAL,OFFENCES AGAINST PERSONS,RAPE & INDICENT ASSAULT,16
KWARA,NORTH CENTRAL,OFFENCES AGAINST PERSONS,KIDNAPPING,10
KWARA,NORTH CENTRAL,OFFENCES AGAINST PERSONS,UNNATURAL OFFENCE,2
KWARA,NORTH CENTRAL,OFFENCES AGAINST PERSONS,OTHER OFFENCE AGAINST PERSONS,85
KWARA,NORTH CENTRAL,OFFENCES AGAINST LAWFUL AUTH,FORGERY OF CURRENCY,3
KWARA,NORTH CENTRAL,OFFENCES AGAINST LAWFUL AUTH,COINING OFFENCE,0
KWARA,NORTH CENTRAL,OFFENCES AGAINST LAWFUL AUTH,GAMBLING,0
KWARA,NORTH CENTRAL,OFFENCES AGAINST LAWFUL AUTH,BREACH OF PEACE,11
KWARA,NORTH CENTRAL,OFFENCES AGAINST LAWFUL AUTH,PERJURY,4
KWARA,NORTH CENTRAL,OFFENCES AGAINST LAWFUL AUTH,BRIBERY & CORRUPTION,1
KWARA,NORTH CENTRAL,OFFENCES AGAINST LAWFUL AUTH,ESCAPE FROM CUSTODY,1
KWARA,NORTH CENTRAL,OFFENCES AGAINST LAWFUL AUTH,OTHER OFFENCE AGAINST LAWFUL AUTH,5
LAGOS STATE,SOUTH WEST,OFFENCES AGAINST PROPERTY,ARMED ROBBERY,370
LAGOS STATE,SOUTH WEST,OFFENCES AGAINST PROPERTY,WOUNDING WITH MENACE,77
LAGOS STATE,SOUTH WEST,OFFENCES AGAINST PROPERTY,THEFT /STEALING,12724
LAGOS STATE,SOUTH WEST,OFFENCES AGAINST PROPERTY,BURGLARY,1213
LAGOS STATE,SOUTH WEST,OFFENCES AGAINST PROPERTY,HOUSE BREAKING,668
LAGOS STATE,SOUTH WEST,OFFENCES AGAINST PROPERTY,STORE BREAKING,417
LAGOS STATE,SOUTH WEST,OFFENCES AGAINST PROPERTY,FALSE PRETENCE & CHEATING/ FRAUD,5623
LAGOS STATE,SOUTH WEST,OFFENCES AGAINST PROPERTY,FORGERY,403
LAGOS STATE,SOUTH WEST,OFFENCES AGAINST PROPERTY,RECEIVING STOLEN PROPERTY,233
LAGOS STATE,SOUTH WEST,OFFENCES AGAINST PROPERTY,UNLAWFUL POSSESS,764
LAGOS STATE,SOUTH WEST,OFFENCES AGAINST PROPERTY,ARSON,222
LAGOS STATE,SOUTH WEST,OFFENCES AGAINST PROPERTY,OTHER OFFENCE AGAINST PROPERTY,2275
LAGOS STATE,SOUTH WEST,OFFENCES AGAINST PERSONS,MURDER,216
LAGOS STATE,SOUTH WEST,OFFENCES AGAINST PERSONS,MAN SLAUGHTER,11
LAGOS STATE,SOUTH WEST,OFFENCES AGAINST PERSONS,ATTEMPTED MURDER,43
LAGOS STATE,SOUTH WEST,OFFENCES AGAINST PERSONS,SUICIDE,47
LAGOS STATE,SOUTH WEST,OFFENCES AGAINST PERSONS,ATTEMPTED SUICIDE,5
LAGOS STATE,SOUTH WEST,OFFENCES AGAINST PERSONS,GRIEVIOUS HARM WOUNDING,6523
LAGOS STATE,SOUTH WEST,OFFENCES AGAINST PERSONS,ASSAULT,8236
LAGOS STATE,SOUTH WEST,OFFENCES AGAINST PERSONS,CHILD STEALING,65
LAGOS STATE,SOUTH WEST,OFFENCES AGAINST PERSONS,SLAVE DEALING,41
LAGOS STATE,SOUTH WEST,OFFENCES AGAINST PERSONS,RAPE & INDICENT ASSAULT,441
LAGOS STATE,SOUTH WEST,OFFENCES AGAINST PERSONS,KIDNAPPING,98
LAGOS STATE,SOUTH WEST,OFFENCES AGAINST PERSONS,UNNATURAL OFFENCE,269
LAGOS STATE,SOUTH WEST,OFFENCES AGAINST PERSONS,OTHER OFFENCE AGAINST PERSONS,2931
LAGOS STATE,SOUTH WEST,OFFENCES AGAINST LAWFUL AUTH,FORGERY OF CURRENCY,23
LAGOS STATE,SOUTH WEST,OFFENCES AGAINST LAWFUL AUTH,COINING OFFENCE,13
LAGOS STATE,SOUTH WEST,OFFENCES AGAINST LAWFUL AUTH,GAMBLING,72
LAGOS STATE,SOUTH WEST,OFFENCES AGAINST LAWFUL AUTH,BREACH OF PEACE,6183
LAGOS STATE,SOUTH WEST,OFFENCES AGAINST LAWFUL AUTH,PERJURY,35
LAGOS STATE,SOUTH WEST,OFFENCES AGAINST LAWFUL AUTH,BRIBERY & CORRUPTION,4
LAGOS STATE,SOUTH WEST,OFFENCES AGAINST LAWFUL AUTH,ESCAPE FROM CUSTODY,18
LAGOS STATE,SOUTH WEST,OFFENCES AGAINST LAWFUL AUTH,OTHER OFFENCE AGAINST LAWFUL AUTH,712
NASARAWA,NORTH CENTRAL,OFFENCES AGAINST PROPERTY,ARMED ROBBERY,29
NASARAWA,NORTH CENTRAL,OFFENCES AGAINST PROPERTY,WOUNDING WITH MENACE,0
NASARAWA,NORTH CENTRAL,OFFENCES AGAINST PROPERTY,THEFT /STEALING,0
NASARAWA,NORTH CENTRAL,OFFENCES AGAINST PROPERTY,BURGLARY,0
NASARAWA,NORTH CENTRAL,OFFENCES AGAINST PROPERTY,HOUSE BREAKING,121
NASARAWA,NORTH CENTRAL,OFFENCES AGAINST PROPERTY,STORE BREAKING,45
NASARAWA,NORTH CENTRAL,OFFENCES AGAINST PROPERTY,FALSE PRETENCE & CHEATING/ FRAUD,144
NASARAWA,NORTH CENTRAL,OFFENCES AGAINST PROPERTY,FORGERY,4
NASARAWA,NORTH CENTRAL,OFFENCES AGAINST PROPERTY,RECEIVING STOLEN PROPERTY,54
NASARAWA,NORTH CENTRAL,OFFENCES AGAINST PROPERTY,UNLAWFUL POSSESS,3
NASARAWA,NORTH CENTRAL,OFFENCES AGAINST PROPERTY,ARSON,20
NASARAWA,NORTH CENTRAL,OFFENCES AGAINST PROPERTY,OTHER OFFENCE AGAINST PROPERTY,61
NASARAWA,NORTH CENTRAL,OFFENCES AGAINST PERSONS,MURDER,51
NASARAWA,NORTH CENTRAL,OFFENCES AGAINST PERSONS,MAN SLAUGHTER,0
NASARAWA,NORTH CENTRAL,OFFENCES AGAINST PERSONS,ATTEMPTED MURDER,10
NASARAWA,NORTH CENTRAL,OFFENCES AGAINST PERSONS,SUICIDE,3
NASARAWA,NORTH CENTRAL,OFFENCES AGAINST PERSONS,ATTEMPTED SUICIDE,0
NASARAWA,NORTH CENTRAL,OFFENCES AGAINST PERSONS,GRIEVIOUS HARM WOUNDING,162
NASARAWA,NORTH CENTRAL,OFFENCES AGAINST PERSONS,ASSAULT,112
NASARAWA,NORTH CENTRAL,OFFENCES AGAINST PERSONS,CHILD STEALING,0
NASARAWA,NORTH CENTRAL,OFFENCES AGAINST PERSONS,SLAVE DEALING,0
NASARAWA,NORTH CENTRAL,OFFENCES AGAINST PERSONS,RAPE & INDICENT ASSAULT,31
NASARAWA,NORTH CENTRAL,OFFENCES AGAINST PERSONS,KIDNAPPING,10
NASARAWA,NORTH CENTRAL,OFFENCES AGAINST PERSONS,UNNATURAL OFFENCE,5
NASARAWA,NORTH CENTRAL,OFFENCES AGAINST PERSONS,OTHER OFFENCE AGAINST PERSONS,82
NASARAWA,NORTH CENTRAL,OFFENCES AGAINST LAWFUL AUTH,FORGERY OF CURRENCY,0
NASARAWA,NORTH CENTRAL,OFFENCES AGAINST LAWFUL AUTH,COINING OFFENCE,0
NASARAWA,NORTH CENTRAL,OFFENCES AGAINST LAWFUL AUTH,GAMBLING,0
NASARAWA,NORTH CENTRAL,OFFENCES AGAINST LAWFUL AUTH,BREACH OF PEACE,96
NASARAWA,NORTH CENTRAL,OFFENCES AGAINST LAWFUL AUTH,PERJURY,0
NASARAWA,NORTH CENTRAL,OFFENCES AGAINST LAWFUL AUTH,BRIBERY & CORRUPTION,0
NASARAWA,NORTH CENTRAL,OFFENCES AGAINST LAWFUL AUTH,ESCAPE FROM CUSTODY,4
NASARAWA,NORTH CENTRAL,OFFENCES AGAINST LAWFUL AUTH,OTHER OFFENCE AGAINST LAWFUL AUTH,33
NIGER,NORTH CENTRAL,OFFENCES AGAINST PROPERTY,ARMED ROBBERY,58
NIGER,NORTH CENTRAL,OFFENCES AGAINST PROPERTY,WOUNDING WITH MENACE,0
NIGER,NORTH CENTRAL,OFFENCES AGAINST PROPERTY,THEFT /STEALING,595
NIGER,NORTH CENTRAL,OFFENCES AGAINST PROPERTY,BURGLARY,0
NIGER,NORTH CENTRAL,OFFENCES AGAINST PROPERTY,HOUSE BREAKING,82
NIGER,NORTH CENTRAL,OFFENCES AGAINST PROPERTY,STORE BREAKING,22
NIGER,NORTH CENTRAL,OFFENCES AGAINST PROPERTY,FALSE PRETENCE & CHEATING/ FRAUD,137
NIGER,NORTH CENTRAL,OFFENCES AGAINST PROPERTY,FORGERY,2
NIGER,NORTH CENTRAL,OFFENCES AGAINST PROPERTY,RECEIVING STOLEN PROPERTY,17
NIGER,NORTH CENTRAL,OFFENCES AGAINST PROPERTY,UNLAWFUL POSSESS,25
NIGER,NORTH CENTRAL,OFFENCES AGAINST PROPERTY,ARSON,66
NIGER,NORTH CENTRAL,OFFENCES AGAINST PROPERTY,OTHER OFFENCE AGAINST PROPERTY,339
NIGER,NORTH CENTRAL,OFFENCES AGAINST PERSONS,MURDER,121
NIGER,NORTH CENTRAL,OFFENCES AGAINST PERSONS,MAN SLAUGHTER,0
NIGER,NORTH CENTRAL,OFFENCES AGAINST PERSONS,ATTEMPTED MURDER,3
NIGER,NORTH CENTRAL,OFFENCES AGAINST PERSONS,SUICIDE,2
NIGER,NORTH CENTRAL,OFFENCES AGAINST PERSONS,ATTEMPTED SUICIDE,1
NIGER,NORTH CENTRAL,OFFENCES AGAINST PERSONS,GRIEVIOUS HARM WOUNDING,95
NIGER,NORTH CENTRAL,OFFENCES AGAINST PERSONS,ASSAULT,65
NIGER,NORTH CENTRAL,OFFENCES AGAINST PERSONS,CHILD STEALING,1
NIGER,NORTH CENTRAL,OFFENCES AGAINST PERSONS,SLAVE DEALING,0
NIGER,NORTH CENTRAL,OFFENCES AGAINST PERSONS,RAPE & INDICENT ASSAULT,41
NIGER,NORTH CENTRAL,OFFENCES AGAINST PERSONS,KIDNAPPING,30
NIGER,NORTH CENTRAL,OFFENCES AGAINST PERSONS,UNNATURAL OFFENCE,8
NIGER,NORTH CENTRAL,OFFENCES AGAINST PERSONS,OTHER OFFENCE AGAINST PERSONS,197
NIGER,NORTH CENTRAL,OFFENCES AGAINST LAWFUL AUTH,FORGERY OF CURRENCY,2
NIGER,NORTH CENTRAL,OFFENCES AGAINST LAWFUL AUTH,COINING OFFENCE,0
NIGER,NORTH CENTRAL,OFFENCES AGAINST LAWFUL AUTH,GAMBLING,0
NIGER,NORTH CENTRAL,OFFENCES AGAINST LAWFUL AUTH,BREACH OF PEACE,21
NIGER,NORTH CENTRAL,OFFENCES AGAINST LAWFUL AUTH,PERJURY,0
NIGER,NORTH CENTRAL,OFFENCES AGAINST LAWFUL AUTH,BRIBERY & CORRUPTION,1
NIGER,NORTH CENTRAL,OFFENCES AGAINST LAWFUL AUTH,ESCAPE FROM CUSTODY,18
NIGER,NORTH CENTRAL,OFFENCES AGAINST LAWFUL AUTH,OTHER OFFENCE AGAINST LAWFUL AUTH,712
OGUN,SOUTH WEST,OFFENCES AGAINST PROPERTY,ARMED ROBBERY,65
OGUN,SOUTH WEST,OFFENCES AGAINST PROPERTY,WOUNDING WITH MENACE,5
OGUN,SOUTH WEST,OFFENCES AGAINST PROPERTY,THEFT /STEALING,127
OGUN,SOUTH WEST,OFFENCES AGAINST PROPERTY,BURGLARY,63
OGUN,SOUTH WEST,OFFENCES AGAINST PROPERTY,HOUSE BREAKING,57
OGUN,SOUTH WEST,OFFENCES AGAINST PROPERTY,STORE BREAKING,34
OGUN,SOUTH WEST,OFFENCES AGAINST PROPERTY,FALSE PRETENCE & CHEATING/ FRAUD,70
OGUN,SOUTH WEST,OFFENCES AGAINST PROPERTY,FORGERY,11
OGUN,SOUTH WEST,OFFENCES AGAINST PROPERTY,RECEIVING STOLEN PROPERTY,25
OGUN,SOUTH WEST,OFFENCES AGAINST PROPERTY,UNLAWFUL POSSESS,31
OGUN,SOUTH WEST,OFFENCES AGAINST PROPERTY,ARSON,11
OGUN,SOUTH WEST,OFFENCES AGAINST PROPERTY,OTHER OFFENCE AGAINST PROPERTY,47
OGUN,SOUTH WEST,OFFENCES AGAINST PERSONS,MURDER,105
OGUN,SOUTH WEST,OFFENCES AGAINST PERSONS,MAN SLAUGHTER,0
OGUN,SOUTH WEST,OFFENCES AGAINST PERSONS,ATTEMPTED MURDER,14
OGUN,SOUTH WEST,OFFENCES AGAINST PERSONS,SUICIDE,20
OGUN,SOUTH WEST,OFFENCES AGAINST PERSONS,ATTEMPTED SUICIDE,4
OGUN,SOUTH WEST,OFFENCES AGAINST PERSONS,GRIEVIOUS HARM WOUNDING,88
OGUN,SOUTH WEST,OFFENCES AGAINST PERSONS,ASSAULT,150
OGUN,SOUTH WEST,OFFENCES AGAINST PERSONS,CHILD STEALING,4
OGUN,SOUTH WEST,OFFENCES AGAINST PERSONS,SLAVE DEALING,0
OGUN,SOUTH WEST,OFFENCES AGAINST PERSONS,RAPE & INDICENT ASSAULT,43
OGUN,SOUTH WEST,OFFENCES AGAINST PERSONS,KIDNAPPING,15
OGUN,SOUTH WEST,OFFENCES AGAINST PERSONS,UNNATURAL OFFENCE,7
OGUN,SOUTH WEST,OFFENCES AGAINST PERSONS,OTHER OFFENCE AGAINST PERSONS,68
OGUN,SOUTH WEST,OFFENCES AGAINST LAWFUL AUTH,FORGERY OF CURRENCY,0
OGUN,SOUTH WEST,OFFENCES AGAINST LAWFUL AUTH,COINING OFFENCE,0
OGUN,SOUTH WEST,OFFENCES AGAINST LAWFUL AUTH,GAMBLING,0
OGUN,SOUTH WEST,OFFENCES AGAINST LAWFUL AUTH,BREACH OF PEACE,537
OGUN,SOUTH WEST,OFFENCES AGAINST LAWFUL AUTH,PERJURY,0
OGUN,SOUTH WEST,OFFENCES AGAINST LAWFUL AUTH,BRIBERY & CORRUPTION,0
OGUN,SOUTH WEST,OFFENCES AGAINST LAWFUL AUTH,ESCAPE FROM CUSTODY,0
OGUN,SOUTH WEST,OFFENCES AGAINST LAWFUL AUTH,OTHER OFFENCE AGAINST LAWFUL AUTH,0
ONDO,SOUTH WEST,OFFENCES AGAINST PROPERTY,ARMED ROBBERY,88
ONDO,SOUTH WEST,OFFENCES AGAINST PROPERTY,WOUNDING WITH MENACE,3
ONDO,SOUTH WEST,OFFENCES AGAINST PROPERTY,THEFT /STEALING,1107
ONDO,SOUTH WEST,OFFENCES AGAINST PROPERTY,BURGLARY,89
ONDO,SOUTH WEST,OFFENCES AGAINST PROPERTY,HOUSE BREAKING,83
ONDO,SOUTH WEST,OFFENCES AGAINST PROPERTY,STORE BREAKING,57
ONDO,SOUTH WEST,OFFENCES AGAINST PROPERTY,FALSE PRETENCE & CHEATING/ FRAUD,485
ONDO,SOUTH WEST,OFFENCES AGAINST PROPERTY,FORGERY,16
ONDO,SOUTH WEST,OFFENCES AGAINST PROPERTY,RECEIVING STOLEN PROPERTY,8
ONDO,SOUTH WEST,OFFENCES AGAINST PROPERTY,UNLAWFUL POSSESS,203
ONDO,SOUTH WEST,OFFENCES AGAINST PROPERTY,ARSON,3
ONDO,SOUTH WEST,OFFENCES AGAINST PROPERTY,OTHER OFFENCE AGAINST PROPERTY,0
ONDO,SOUTH WEST,OFFENCES AGAINST PERSONS,MURDER,108
ONDO,SOUTH WEST,OFFENCES AGAINST PERSONS,MAN SLAUGHTER,0
ONDO,SOUTH WEST,OFFENCES AGAINST PERSONS,ATTEMPTED MURDER,17
ONDO,SOUTH WEST,OFFENCES AGAINST PERSONS,SUICIDE,0
ONDO,SOUTH WEST,OFFENCES AGAINST PERSONS,ATTEMPTED SUICIDE,0
ONDO,SOUTH WEST,OFFENCES AGAINST PERSONS,GRIEVIOUS HARM WOUNDING,107
ONDO,SOUTH WEST,OFFENCES AGAINST PERSONS,ASSAULT,686
ONDO,SOUTH WEST,OFFENCES AGAINST PERSONS,CHILD STEALING,12
ONDO,SOUTH WEST,OFFENCES AGAINST PERSONS,SLAVE DEALING,0
ONDO,SOUTH WEST,OFFENCES AGAINST PERSONS,RAPE & INDICENT ASSAULT,27
ONDO,SOUTH WEST,OFFENCES AGAINST PERSONS,KIDNAPPING,22
ONDO,SOUTH WEST,OFFENCES AGAINST PERSONS,UNNATURAL OFFENCE,2
ONDO,SOUTH WEST,OFFENCES AGAINST PERSONS,OTHER OFFENCE AGAINST PERSONS,301
ONDO,SOUTH WEST,OFFENCES AGAINST LAWFUL AUTH,FORGERY OF CURRENCY,0
ONDO,SOUTH WEST,OFFENCES AGAINST LAWFUL AUTH,COINING OFFENCE,0
ONDO,SOUTH WEST,OFFENCES AGAINST LAWFUL AUTH,GAMBLING,0
ONDO,SOUTH WEST,OFFENCES AGAINST LAWFUL AUTH,BREACH OF PEACE,279
ONDO,SOUTH WEST,OFFENCES AGAINST LAWFUL AUTH,PERJURY,10
ONDO,SOUTH WEST,OFFENCES AGAINST LAWFUL AUTH,BRIBERY & CORRUPTION,0
ONDO,SOUTH WEST,OFFENCES AGAINST LAWFUL AUTH,ESCAPE FROM CUSTODY,0
ONDO,SOUTH WEST,OFFENCES AGAINST LAWFUL AUTH,OTHER OFFENCE AGAINST LAWFUL AUTH,0
OSUN,SOUTH WEST,OFFENCES AGAINST PROPERTY,ARMED ROBBERY,32
OSUN,SOUTH WEST,OFFENCES AGAINST PROPERTY,WOUNDING WITH MENACE,2
OSUN,SOUTH WEST,OFFENCES AGAINST PROPERTY,THEFT /STEALING,279
OSUN,SOUTH WEST,OFFENCES AGAINST PROPERTY,BURGLARY,42
OSUN,SOUTH WEST,OFFENCES AGAINST PROPERTY,HOUSE BREAKING,37
OSUN,SOUTH WEST,OFFENCES AGAINST PROPERTY,STORE BREAKING,49
OSUN,SOUTH WEST,OFFENCES AGAINST PROPERTY,FALSE PRETENCE & CHEATING/ FRAUD,60
OSUN,SOUTH WEST,OFFENCES AGAINST PROPERTY,FORGERY,1
OSUN,SOUTH WEST,OFFENCES AGAINST PROPERTY,RECEIVING STOLEN PROPERTY,1
OSUN,SOUTH WEST,OFFENCES AGAINST PROPERTY,UNLAWFUL POSSESS,10
OSUN,SOUTH WEST,OFFENCES AGAINST PROPERTY,ARSON,0
OSUN,SOUTH WEST,OFFENCES AGAINST PROPERTY,OTHER OFFENCE AGAINST PROPERTY,1
OSUN,SOUTH WEST,OFFENCES AGAINST PERSONS,MURDER,25
OSUN,SOUTH WEST,OFFENCES AGAINST PERSONS,MAN SLAUGHTER,0
OSUN,SOUTH WEST,OFFENCES AGAINST PERSONS,ATTEMPTED MURDER,14
OSUN,SOUTH WEST,OFFENCES AGAINST PERSONS,SUICIDE,2
OSUN,SOUTH WEST,OFFENCES AGAINST PERSONS,ATTEMPTED SUICIDE,0
OSUN,SOUTH WEST,OFFENCES AGAINST PERSONS,GRIEVIOUS HARM WOUNDING,88
OSUN,SOUTH WEST,OFFENCES AGAINST PERSONS,ASSAULT,144
OSUN,SOUTH WEST,OFFENCES AGAINST PERSONS,CHILD STEALING,1
OSUN,SOUTH WEST,OFFENCES AGAINST PERSONS,SLAVE DEALING,1
OSUN,SOUTH WEST,OFFENCES AGAINST PERSONS,RAPE & INDICENT ASSAULT,2
OSUN,SOUTH WEST,OFFENCES AGAINST PERSONS,KIDNAPPING,15
OSUN,SOUTH WEST,OFFENCES AGAINST PERSONS,UNNATURAL OFFENCE,7
OSUN,SOUTH WEST,OFFENCES AGAINST PERSONS,OTHER OFFENCE AGAINST PERSONS,19
OSUN,SOUTH WEST,OFFENCES AGAINST LAWFUL AUTH,FORGERY OF CURRENCY,0
OSUN,SOUTH WEST,OFFENCES AGAINST LAWFUL AUTH,COINING OFFENCE,0
OSUN,SOUTH WEST,OFFENCES AGAINST LAWFUL AUTH,GAMBLING,0
OSUN,SOUTH WEST,OFFENCES AGAINST LAWFUL AUTH,BREACH OF PEACE,52
OSUN,SOUTH WEST,OFFENCES AGAINST LAWFUL AUTH,PERJURY,1
OSUN,SOUTH WEST,OFFENCES AGAINST LAWFUL AUTH,BRIBERY & CORRUPTION,0
OSUN,SOUTH WEST,OFFENCES AGAINST LAWFUL AUTH,ESCAPE FROM CUSTODY,1
OYO,SOUTH WEST,OFFENCES AGAINST PROPERTY,ARMED ROBBERY,59
OYO,SOUTH WEST,OFFENCES AGAINST PROPERTY,WOUNDING WITH MENACE,0
OYO,SOUTH WEST,OFFENCES AGAINST PROPERTY,THEFT /STEALING,978
OYO,SOUTH WEST,OFFENCES AGAINST PROPERTY,BURGLARY,149
OYO,SOUTH WEST,OFFENCES AGAINST PROPERTY,HOUSE BREAKING,172
OYO,SOUTH WEST,OFFENCES AGAINST PROPERTY,STORE BREAKING,157
OYO,SOUTH WEST,OFFENCES AGAINST PROPERTY,FALSE PRETENCE & CHEATING/ FRAUD,224
OYO,SOUTH WEST,OFFENCES AGAINST PROPERTY,FORGERY,24
OYO,SOUTH WEST,OFFENCES AGAINST PROPERTY,RECEIVING STOLEN PROPERTY,4
OYO,SOUTH WEST,OFFENCES AGAINST PROPERTY,UNLAWFUL POSSESS,80
OYO,SOUTH WEST,OFFENCES AGAINST PROPERTY,ARSON,18
OYO,SOUTH WEST,OFFENCES AGAINST PROPERTY,OTHER OFFENCE AGAINST PROPERTY,0
OYO,SOUTH WEST,OFFENCES AGAINST PERSONS,MURDER,30
OYO,SOUTH WEST,OFFENCES AGAINST PERSONS,MAN SLAUGHTER,0
OYO,SOUTH WEST,OFFENCES AGAINST PERSONS,ATTEMPTED MURDER,1
OYO,SOUTH WEST,OFFENCES AGAINST PERSONS,SUICIDE,10
OYO,SOUTH WEST,OFFENCES AGAINST PERSONS,ATTEMPTED SUICIDE,0
OYO,SOUTH WEST,OFFENCES AGAINST PERSONS,GRIEVIOUS HARM WOUNDING,246
OYO,SOUTH WEST,OFFENCES AGAINST PERSONS,ASSAULT,660
OYO,SOUTH WEST,OFFENCES AGAINST PERSONS,CHILD STEALING,8
OYO,SOUTH WEST,OFFENCES AGAINST PERSONS,SLAVE DEALING,2
OYO,SOUTH WEST,OFFENCES AGAINST PERSONS,RAPE & INDICENT ASSAULT,83
OYO,SOUTH WEST,OFFENCES AGAINST PERSONS,KIDNAPPING,2
OYO,SOUTH WEST,OFFENCES AGAINST PERSONS,UNNATURAL OFFENCE,16
OYO,SOUTH WEST,OFFENCES AGAINST PERSONS,OTHER OFFENCE AGAINST PERSONS,0
OYO,SOUTH WEST,OFFENCES AGAINST LAWFUL AUTH,FORGERY OF CURRENCY,0
OYO,SOUTH WEST,OFFENCES AGAINST LAWFUL AUTH,COINING OFFENCE,0
OYO,SOUTH WEST,OFFENCES AGAINST LAWFUL AUTH,GAMBLING,6
OYO,SOUTH WEST,OFFENCES AGAINST LAWFUL AUTH,BREACH OF PEACE,40
OYO,SOUTH WEST,OFFENCES AGAINST LAWFUL AUTH,PERJURY,0
OYO,SOUTH WEST,OFFENCES AGAINST LAWFUL AUTH,BRIBERY & CORRUPTION,0
OYO,SOUTH WEST,OFFENCES AGAINST LAWFUL AUTH,ESCAPE FROM CUSTODY,0
OYO,SOUTH WEST,OFFENCES AGAINST LAWFUL AUTH,OTHER OFFENCE AGAINST LAWFUL AUTH,0
PLATEAU,NORTH CENTRAL,OFFENCES AGAINST PROPERTY,ARMED ROBBERY,44
PLATEAU,NORTH CENTRAL,OFFENCES AGAINST PROPERTY,WOUNDING WITH MENACE,2
PLATEAU,NORTH CENTRAL,OFFENCES AGAINST PROPERTY,THEFT /STEALING,801
PLATEAU,NORTH CENTRAL,OFFENCES AGAINST PROPERTY,BURGLARY,9
PLATEAU,NORTH CENTRAL,OFFENCES AGAINST PROPERTY,HOUSE BREAKING,138
PLATEAU,NORTH CENTRAL,OFFENCES AGAINST PROPERTY,STORE BREAKING,72
PLATEAU,NORTH CENTRAL,OFFENCES AGAINST PROPERTY,FALSE PRETENCE & CHEATING/ FRAUD,254
PLATEAU,NORTH CENTRAL,OFFENCES AGAINST PROPERTY,FORGERY,26
PLATEAU,NORTH CENTRAL,OFFENCES AGAINST PROPERTY,RECEIVING STOLEN PROPERTY,79
PLATEAU,NORTH CENTRAL,OFFENCES AGAINST PROPERTY,UNLAWFUL POSSESS,86
PLATEAU,NORTH CENTRAL,OFFENCES AGAINST PROPERTY,ARSON,16
PLATEAU,NORTH CENTRAL,OFFENCES AGAINST PROPERTY,OTHER OFFENCE AGAINST PROPERTY,342
PLATEAU,NORTH CENTRAL,OFFENCES AGAINST PERSONS,MURDER,71
PLATEAU,NORTH CENTRAL,OFFENCES AGAINST PERSONS,MAN SLAUGHTER,1
PLATEAU,NORTH CENTRAL,OFFENCES AGAINST PERSONS,ATTEMPTED MURDER,5
PLATEAU,NORTH CENTRAL,OFFENCES AGAINST PERSONS,SUICIDE,6
PLATEAU,NORTH CENTRAL,OFFENCES AGAINST PERSONS,ATTEMPTED SUICIDE,0
PLATEAU,NORTH CENTRAL,OFFENCES AGAINST PERSONS,GRIEVIOUS HARM WOUNDING,236
PLATEAU,NORTH CENTRAL,OFFENCES AGAINST PERSONS,ASSAULT,68
PLATEAU,NORTH CENTRAL,OFFENCES AGAINST PERSONS,CHILD STEALING,0
PLATEAU,NORTH CENTRAL,OFFENCES AGAINST PERSONS,SLAVE DEALING,0
PLATEAU,NORTH CENTRAL,OFFENCES AGAINST PERSONS,RAPE & INDICENT ASSAULT,66
PLATEAU,NORTH CENTRAL,OFFENCES AGAINST PERSONS,KIDNAPPING,10
PLATEAU,NORTH CENTRAL,OFFENCES AGAINST PERSONS,UNNATURAL OFFENCE,8
PLATEAU,NORTH CENTRAL,OFFENCES AGAINST PERSONS,OTHER OFFENCE AGAINST PERSONS,265
PLATEAU,NORTH CENTRAL,OFFENCES AGAINST LAWFUL AUTH,FORGERY OF CURRENCY,1
PLATEAU,NORTH CENTRAL,OFFENCES AGAINST LAWFUL AUTH,COINING OFFENCE,0
PLATEAU,NORTH CENTRAL,OFFENCES AGAINST LAWFUL AUTH,GAMBLING,0
PLATEAU,NORTH CENTRAL,OFFENCES AGAINST LAWFUL AUTH,BREACH OF PEACE,0
PLATEAU,NORTH CENTRAL,OFFENCES AGAINST LAWFUL AUTH,PERJURY,0
PLATEAU,NORTH CENTRAL,OFFENCES AGAINST LAWFUL AUTH,BRIBERY & CORRUPTION,0
PLATEAU,NORTH CENTRAL,OFFENCES AGAINST LAWFUL AUTH,ESCAPE FROM CUSTODY,1
PLATEAU,NORTH CENTRAL,OFFENCES AGAINST LAWFUL AUTH,OTHER OFFENCE AGAINST LAWFUL AUTH,0
RIVERS,SOUTH SOUTH,OFFENCES AGAINST PROPERTY,ARMED ROBBERY,564
RIVERS,SOUTH SOUTH,OFFENCES AGAINST PROPERTY,WOUNDING WITH MENACE,87
RIVERS,SOUTH SOUTH,OFFENCES AGAINST PROPERTY,THEFT /STEALING,121
RIVERS,SOUTH SOUTH,OFFENCES AGAINST PROPERTY,BURGLARY,45
RIVERS,SOUTH SOUTH,OFFENCES AGAINST PROPERTY,HOUSE BREAKING,144
RIVERS,SOUTH SOUTH,OFFENCES AGAINST PROPERTY,STORE BREAKING,4
RIVERS,SOUTH SOUTH,OFFENCES AGAINST PROPERTY,FALSE PRETENCE & CHEATING/ FRAUD,54
RIVERS,SOUTH SOUTH,OFFENCES AGAINST PROPERTY,FORGERY,3
RIVERS,SOUTH SOUTH,OFFENCES AGAINST PROPERTY,RECEIVING STOLEN PROPERTY,20
RIVERS,SOUTH SOUTH,OFFENCES AGAINST PROPERTY,UNLAWFUL POSSESS,61
RIVERS,SOUTH SOUTH,OFFENCES AGAINST PROPERTY,ARSON,0
RIVERS,SOUTH SOUTH,OFFENCES AGAINST PROPERTY,OTHER OFFENCE AGAINST PROPERTY,0
RIVERS,SOUTH SOUTH,OFFENCES AGAINST PERSONS,MURDER,67
RIVERS,SOUTH SOUTH,OFFENCES AGAINST PERSONS,MAN SLAUGHTER,10
RIVERS,SOUTH SOUTH,OFFENCES AGAINST PERSONS,ATTEMPTED MURDER,3
RIVERS,SOUTH SOUTH,OFFENCES AGAINST PERSONS,SUICIDE,105
RIVERS,SOUTH SOUTH,OFFENCES AGAINST PERSONS,ATTEMPTED SUICIDE,112
RIVERS,SOUTH SOUTH,OFFENCES AGAINST PERSONS,GRIEVIOUS HARM WOUNDING,0
RIVERS,SOUTH SOUTH,OFFENCES AGAINST PERSONS,ASSAULT,0
RIVERS,SOUTH SOUTH,OFFENCES AGAINST PERSONS,CHILD STEALING,31
RIVERS,SOUTH SOUTH,OFFENCES AGAINST PERSONS,SLAVE DEALING,23
RIVERS,SOUTH SOUTH,OFFENCES AGAINST PERSONS,RAPE & INDICENT ASSAULT,5
RIVERS,SOUTH SOUTH,OFFENCES AGAINST PERSONS,KIDNAPPING,82
RIVERS,SOUTH SOUTH,OFFENCES AGAINST PERSONS,UNNATURAL OFFENCE,29
RIVERS,SOUTH SOUTH,OFFENCES AGAINST PERSONS,OTHER OFFENCE AGAINST PERSONS,0
RIVERS,SOUTH SOUTH,OFFENCES AGAINST LAWFUL AUTH,FORGERY OF CURRENCY,0
RIVERS,SOUTH SOUTH,OFFENCES AGAINST LAWFUL AUTH,COINING OFFENCE,0
RIVERS,SOUTH SOUTH,OFFENCES AGAINST LAWFUL AUTH,GAMBLING,0
RIVERS,SOUTH SOUTH,OFFENCES AGAINST LAWFUL AUTH,BREACH OF PEACE,0
RIVERS,SOUTH SOUTH,OFFENCES AGAINST LAWFUL AUTH,PERJURY,0
RIVERS,SOUTH SOUTH,OFFENCES AGAINST LAWFUL AUTH,BRIBERY & CORRUPTION,0
RIVERS,SOUTH SOUTH,OFFENCES AGAINST LAWFUL AUTH,ESCAPE FROM CUSTODY,0
RIVERS,SOUTH SOUTH,OFFENCES AGAINST LAWFUL AUTH,OTHER OFFENCE AGAINST LAWFUL AUTH,0
SOKOTO,NORTH WEST,OFFENCES AGAINST PROPERTY,ARMED ROBBERY,60
SOKOTO,NORTH WEST,OFFENCES AGAINST PROPERTY,WOUNDING WITH MENACE,0
SOKOTO,NORTH WEST,OFFENCES AGAINST PROPERTY,THEFT /STEALING,993
SOKOTO,NORTH WEST,OFFENCES AGAINST PROPERTY,BURGLARY,0
SOKOTO,NORTH WEST,OFFENCES AGAINST PROPERTY,HOUSE BREAKING,21
SOKOTO,NORTH WEST,OFFENCES AGAINST PROPERTY,STORE BREAKING,18
SOKOTO,NORTH WEST,OFFENCES AGAINST PROPERTY,FALSE PRETENCE & CHEATING/ FRAUD,124
SOKOTO,NORTH WEST,OFFENCES AGAINST PROPERTY,FORGERY,8
SOKOTO,NORTH WEST,OFFENCES AGAINST PROPERTY,RECEIVING STOLEN PROPERTY,38
SOKOTO,NORTH WEST,OFFENCES AGAINST PROPERTY,UNLAWFUL POSSESS,30
SOKOTO,NORTH WEST,OFFENCES AGAINST PROPERTY,ARSON,28
SOKOTO,NORTH WEST,OFFENCES AGAINST PROPERTY,OTHER OFFENCE AGAINST PROPERTY,302
SOKOTO,NORTH WEST,OFFENCES AGAINST PERSONS,MURDER,55
SOKOTO,NORTH WEST,OFFENCES AGAINST PERSONS,MAN SLAUGHTER,0
SOKOTO,NORTH WEST,OFFENCES AGAINST PERSONS,ATTEMPTED MURDER,4
SOKOTO,NORTH WEST,OFFENCES AGAINST PERSONS,SUICIDE,4
SOKOTO,NORTH WEST,OFFENCES AGAINST PERSONS,ATTEMPTED SUICIDE,0
SOKOTO,NORTH WEST,OFFENCES AGAINST PERSONS,GRIEVIOUS HARM WOUNDING,206
SOKOTO,NORTH WEST,OFFENCES AGAINST PERSONS,ASSAULT,115
SOKOTO,NORTH WEST,OFFENCES AGAINST PERSONS,CHILD STEALING,0
SOKOTO,NORTH WEST,OFFENCES AGAINST PERSONS,SLAVE DEALING,0
SOKOTO,NORTH WEST,OFFENCES AGAINST PERSONS,RAPE & INDICENT ASSAULT,28
SOKOTO,NORTH WEST,OFFENCES AGAINST PERSONS,KIDNAPPING,27
SOKOTO,NORTH WEST,OFFENCES AGAINST PERSONS,UNNATURAL OFFENCE,12
SOKOTO,NORTH WEST,OFFENCES AGAINST PERSONS,OTHER OFFENCE AGAINST PERSONS,315
SOKOTO,NORTH WEST,OFFENCES AGAINST LAWFUL AUTH,FORGERY OF CURRENCY,0
SOKOTO,NORTH WEST,OFFENCES AGAINST LAWFUL AUTH,COINING OFFENCE,0
SOKOTO,NORTH WEST,OFFENCES AGAINST LAWFUL AUTH,GAMBLING,0
SOKOTO,NORTH WEST,OFFENCES AGAINST LAWFUL AUTH,BREACH OF PEACE,22
SOKOTO,NORTH WEST,OFFENCES AGAINST LAWFUL AUTH,PERJURY,1
SOKOTO,NORTH WEST,OFFENCES AGAINST LAWFUL AUTH,BRIBERY & CORRUPTION,3
SOKOTO,NORTH WEST,OFFENCES AGAINST LAWFUL AUTH,ESCAPE FROM CUSTODY,0
SOKOTO,NORTH WEST,OFFENCES AGAINST LAWFUL AUTH,OTHER OFFENCE AGAINST LAWFUL AUTH,0
TARABA,NORTH EAST,OFFENCES AGAINST PROPERTY,ARMED ROBBERY,51
TARABA,NORTH EAST,OFFENCES AGAINST PROPERTY,WOUNDING WITH MENACE,0
TARABA,NORTH EAST,OFFENCES AGAINST PROPERTY,THEFT /STEALING,521
TARABA,NORTH EAST,OFFENCES AGAINST PROPERTY,BURGLARY,1
TARABA,NORTH EAST,OFFENCES AGAINST PROPERTY,HOUSE BREAKING,64
TARABA,NORTH EAST,OFFENCES AGAINST PROPERTY,STORE BREAKING,19
TARABA,NORTH EAST,OFFENCES AGAINST PROPERTY,FALSE PRETENCE & CHEATING/ FRAUD,109
TARABA,NORTH EAST,OFFENCES AGAINST PROPERTY,FORGERY,3
TARABA,NORTH EAST,OFFENCES AGAINST PROPERTY,RECEIVING STOLEN PROPERTY,15
TARABA,NORTH EAST,OFFENCES AGAINST PROPERTY,UNLAWFUL POSSESS,14
TARABA,NORTH EAST,OFFENCES AGAINST PROPERTY,ARSON,25
TARABA,NORTH EAST,OFFENCES AGAINST PROPERTY,OTHER OFFENCE AGAINST PROPERTY,176
TARABA,NORTH EAST,OFFENCES AGAINST PERSONS,MURDER,115
TARABA,NORTH EAST,OFFENCES AGAINST PERSONS,MAN SLAUGHTER,0
TARABA,NORTH EAST,OFFENCES AGAINST PERSONS,ATTEMPTED MURDER,0
TARABA,NORTH EAST,OFFENCES AGAINST PERSONS,SUICIDE,1
TARABA,NORTH EAST,OFFENCES AGAINST PERSONS,ATTEMPTED SUICIDE,0
TARABA,NORTH EAST,OFFENCES AGAINST PERSONS,GRIEVIOUS HARM WOUNDING,158
TARABA,NORTH EAST,OFFENCES AGAINST PERSONS,ASSAULT,54
TARABA,NORTH EAST,OFFENCES AGAINST PERSONS,CHILD STEALING,0
TARABA,NORTH EAST,OFFENCES AGAINST PERSONS,SLAVE DEALING,0
TARABA,NORTH EAST,OFFENCES AGAINST PERSONS,RAPE & INDICENT ASSAULT,30
TARABA,NORTH EAST,OFFENCES AGAINST PERSONS,KIDNAPPING,14
TARABA,NORTH EAST,OFFENCES AGAINST PERSONS,UNNATURAL OFFENCE,2
TARABA,NORTH EAST,OFFENCES AGAINST PERSONS,OTHER OFFENCE AGAINST PERSONS,176
TARABA,NORTH EAST,OFFENCES AGAINST LAWFUL AUTH,FORGERY OF CURRENCY,3
TARABA,NORTH EAST,OFFENCES AGAINST LAWFUL AUTH,COINING OFFENCE,4
TARABA,NORTH EAST,OFFENCES AGAINST LAWFUL AUTH,GAMBLING,0
TARABA,NORTH EAST,OFFENCES AGAINST LAWFUL AUTH,BREACH OF PEACE,1
TARABA,NORTH EAST,OFFENCES AGAINST LAWFUL AUTH,PERJURY,1
TARABA,NORTH EAST,OFFENCES AGAINST LAWFUL AUTH,BRIBERY & CORRUPTION,2
TARABA,NORTH EAST,OFFENCES AGAINST LAWFUL AUTH,ESCAPE FROM CUSTODY,3
TARABA,NORTH EAST,OFFENCES AGAINST LAWFUL AUTH,OTHER OFFENCE AGAINST LAWFUL AUTH,19
YOBE,NORTH EAST,OFFENCES AGAINST PROPERTY,ARMED ROBBERY,32
YOBE,NORTH EAST,OFFENCES AGAINST PROPERTY,WOUNDING WITH MENACE,0
YOBE,NORTH EAST,OFFENCES AGAINST PROPERTY,THEFT /STEALING,335
YOBE,NORTH EAST,OFFENCES AGAINST PROPERTY,BURGLARY,0
YOBE,NORTH EAST,OFFENCES AGAINST PROPERTY,HOUSE BREAKING,6
YOBE,NORTH EAST,OFFENCES AGAINST PROPERTY,STORE BREAKING,2
YOBE,NORTH EAST,OFFENCES AGAINST PROPERTY,FALSE PRETENCE & CHEATING/ FRAUD,45
YOBE,NORTH EAST,OFFENCES AGAINST PROPERTY,FORGERY,7
YOBE,NORTH EAST,OFFENCES AGAINST PROPERTY,RECEIVING STOLEN PROPERTY,3
YOBE,NORTH EAST,OFFENCES AGAINST PROPERTY,UNLAWFUL POSSESS,13
YOBE,NORTH EAST,OFFENCES AGAINST PROPERTY,ARSON,15
YOBE,NORTH EAST,OFFENCES AGAINST PROPERTY,OTHER OFFENCE AGAINST PROPERTY,77
YOBE,NORTH EAST,OFFENCES AGAINST PERSONS,MURDER,110
YOBE,NORTH EAST,OFFENCES AGAINST PERSONS,MAN SLAUGHTER,0
YOBE,NORTH EAST,OFFENCES AGAINST PERSONS,ATTEMPTED MURDER,0
YOBE,NORTH EAST,OFFENCES AGAINST PERSONS,SUICIDE,0
YOBE,NORTH EAST,OFFENCES AGAINST PERSONS,ATTEMPTED SUICIDE,0
YOBE,NORTH EAST,OFFENCES AGAINST PERSONS,GRIEVIOUS HARM WOUNDING,72
YOBE,NORTH EAST,OFFENCES AGAINST PERSONS,ASSAULT,11
YOBE,NORTH EAST,OFFENCES AGAINST PERSONS,CHILD STEALING,0
YOBE,NORTH EAST,OFFENCES AGAINST PERSONS,SLAVE DEALING,0
YOBE,NORTH EAST,OFFENCES AGAINST PERSONS,RAPE & INDICENT ASSAULT,51
YOBE,NORTH EAST,OFFENCES AGAINST PERSONS,KIDNAPPING,3
YOBE,NORTH EAST,OFFENCES AGAINST PERSONS,UNNATURAL OFFENCE,11
YOBE,NORTH EAST,OFFENCES AGAINST PERSONS,OTHER OFFENCE AGAINST PERSONS,109
YOBE,NORTH EAST,OFFENCES AGAINST LAWFUL AUTH,FORGERY OF CURRENCY,3
YOBE,NORTH EAST,OFFENCES AGAINST LAWFUL AUTH,COINING OFFENCE,0
YOBE,NORTH EAST,OFFENCES AGAINST LAWFUL AUTH,GAMBLING,0
YOBE,NORTH EAST,OFFENCES AGAINST LAWFUL AUTH,BREACH OF PEACE,0
YOBE,NORTH EAST,OFFENCES AGAINST LAWFUL AUTH,PERJURY,1
YOBE,NORTH EAST,OFFENCES AGAINST LAWFUL AUTH,BRIBERY & CORRUPTION,0
YOBE,NORTH EAST,OFFENCES AGAINST LAWFUL AUTH,ESCAPE FROM CUSTODY,7
YOBE,NORTH EAST,OFFENCES AGAINST LAWFUL AUTH,OTHER OFFENCE AGAINST LAWFUL AUTH,77
ZAMFARA,NORTH WEST,OFFENCES AGAINST PROPERTY,ARMED ROBBERY,46
ZAMFARA,NORTH WEST,OFFENCES AGAINST PROPERTY,WOUNDING WITH MENACE,0
ZAMFARA,NORTH WEST,OFFENCES AGAINST PROPERTY,THEFT /STEALING,155
ZAMFARA,NORTH WEST,OFFENCES AGAINST PROPERTY,BURGLARY,0
ZAMFARA,NORTH WEST,OFFENCES AGAINST PROPERTY,HOUSE BREAKING,19
ZAMFARA,NORTH WEST,OFFENCES AGAINST PROPERTY,STORE BREAKING,2
ZAMFARA,NORTH WEST,OFFENCES AGAINST PROPERTY,FALSE PRETENCE & CHEATING/ FRAUD,21
ZAMFARA,NORTH WEST,OFFENCES AGAINST PROPERTY,FORGERY,1
ZAMFARA,NORTH WEST,OFFENCES AGAINST PROPERTY,RECEIVING STOLEN PROPERTY,29
ZAMFARA,NORTH WEST,OFFENCES AGAINST PROPERTY,UNLAWFUL POSSESS,6
ZAMFARA,NORTH WEST,OFFENCES AGAINST PROPERTY,ARSON,0
ZAMFARA,NORTH WEST,OFFENCES AGAINST PROPERTY,OTHER OFFENCE AGAINST PROPERTY,39
ZAMFARA,NORTH WEST,OFFENCES AGAINST PERSONS,MURDER,44
ZAMFARA,NORTH WEST,OFFENCES AGAINST PERSONS,MAN SLAUGHTER,0
ZAMFARA,NORTH WEST,OFFENCES AGAINST PERSONS,ATTEMPTED MURDER,19
ZAMFARA,NORTH WEST,OFFENCES AGAINST PERSONS,SUICIDE,0
ZAMFARA,NORTH WEST,OFFENCES AGAINST PERSONS,ATTEMPTED SUICIDE,0
ZAMFARA,NORTH WEST,OFFENCES AGAINST PERSONS,GRIEVIOUS HARM WOUNDING,34
ZAMFARA,NORTH WEST,OFFENCES AGAINST PERSONS,ASSAULT,21
ZAMFARA,NORTH WEST,OFFENCES AGAINST PERSONS,CHILD STEALING,0
ZAMFARA,NORTH WEST,OFFENCES AGAINST PERSONS,SLAVE DEALING,0
ZAMFARA,NORTH WEST,OFFENCES AGAINST PERSONS,RAPE & INDICENT ASSAULT,23
ZAMFARA,NORTH WEST,OFFENCES AGAINST PERSONS,KIDNAPPING,9
ZAMFARA,NORTH WEST,OFFENCES AGAINST PERSONS,UNNATURAL OFFENCE,10
ZAMFARA,NORTH WEST,OFFENCES AGAINST PERSONS,OTHER OFFENCE AGAINST PERSONS,9
ZAMFARA,NORTH WEST,OFFENCES AGAINST LAWFUL AUTH,FORGERY OF CURRENCY,1
ZAMFARA,NORTH WEST,OFFENCES AGAINST LAWFUL AUTH,COINING OFFENCE,0
ZAMFARA,NORTH WEST,OFFENCES AGAINST LAWFUL AUTH,GAMBLING,0
ZAMFARA,NORTH WEST,OFFENCES AGAINST LAWFUL AUTH,BREACH OF PEACE,0
ZAMFARA,NORTH WEST,OFFENCES AGAINST LAWFUL AUTH,PERJURY,0
ZAMFARA,NORTH WEST,OFFENCES AGAINST LAWFUL AUTH,BRIBERY & CORRUPTION,0
ZAMFARA,NORTH WEST,OFFENCES AGAINST LAWFUL AUTH,ESCAPE FROM CUSTODY,0
ZAMFARA,NORTH WEST,OFFENCES AGAINST LAWFUL AUTH,OTHER OFFENCE AGAINST LAWFUL AUTH,31
